[16:20:36] [main/DEBUG] [FML/]: Injecting tracing printstreams for STDOUT/STDERR.
[16:20:36] [main/INFO] [FML/]: Forge Mod Loader version 7.99.40.1614 for Minecraft 1.7.10 loading
[16:20:36] [main/INFO] [FML/]: Java is OpenJDK 64-Bit Server VM, version 1.8.0_422, running on Windows 10:amd64:10.0, installed at C:\Users\User\.jdks\corretto-1.8.0_422\jre
[16:20:36] [main/DEBUG] [FML/]: Java classpath at launch is C:\Users\User\.gradle\caches\minecraft\net\minecraftforge\forge\1.7.10-10.13.4.1614-1.7.10\start;C:\Users\User\.gradle\caches\minecraft\net\minecraftforge\forge\1.7.10-10.13.4.1614-1.7.10\forgeSrc-1.7.10-10.13.4.1614-1.7.10.jar;C:\Users\User\.gradle\caches\modules-2\files-2.1\net.minecraft\launchwrapper\1.12\111e7bea9c968cdb3d06ef4632bf7ff0824d0f36\launchwrapper-1.12.jar;C:\Users\User\.gradle\caches\modules-2\files-2.1\com.google.code.findbugs\jsr305\1.3.9\40719ea6961c0cb6afaeb6a921eaa1f6afd4cfdf\jsr305-1.3.9.jar;C:\Users\User\.gradle\caches\modules-2\files-2.1\org.ow2.asm\asm-debug-all\5.0.3\f9e364ae2a66ce2a543012a4668856e84e5dab74\asm-debug-all-5.0.3.jar;C:\Users\User\.gradle\caches\modules-2\files-2.1\com.typesafe.akka\akka-actor_2.11\2.3.3\ed62e9fc709ca0f2ff1a3220daa8b70a2870078e\akka-actor_2.11-2.3.3.jar;C:\Users\User\.gradle\caches\modules-2\files-2.1\com.typesafe\config\1.2.1\f771f71fdae3df231bcd54d5ca2d57f0bf93f467\config-1.2.1.jar;C:\Users\User\.gradle\caches\modules-2\files-2.1\org.scala-lang\scala-actors-migration_2.11\1.1.0\dfa8bc42b181d5b9f1a5dd147f8ae308b893eb6f\scala-actors-migration_2.11-1.1.0.jar;C:\Users\User\.gradle\caches\modules-2\files-2.1\org.scala-lang.plugins\scala-continuations-plugin_2.11.1\1.0.2\f361a3283452c57fa30c1ee69448995de23c60f7\scala-continuations-plugin_2.11.1-1.0.2.jar;C:\Users\User\.gradle\caches\modules-2\files-2.1\org.scala-lang\scala-compiler\2.11.1\56ea2e6c025e0821f28d73ca271218b8dd04926a\scala-compiler-2.11.1.jar;C:\Users\User\.gradle\caches\modules-2\files-2.1\org.scala-lang.plugins\scala-continuations-library_2.11\1.0.2\e517c53a7e9acd6b1668c5a35eccbaa3bab9aac\scala-continuations-library_2.11-1.0.2.jar;C:\Users\User\.gradle\caches\modules-2\files-2.1\org.scala-lang\scala-reflect\2.11.1\6580347e61cc7f8e802941e7fde40fa83b8badeb\scala-reflect-2.11.1.jar;C:\Users\User\.gradle\caches\modules-2\files-2.1\org.scala-lang\scala-actors\2.11.0\8ccfb6541de179bb1c4d45cf414acee069b7f78b\scala-actors-2.11.0.jar;C:\Users\User\.gradle\caches\modules-2\files-2.1\org.scala-lang.modules\scala-xml_2.11\1.0.2\820fbca7e524b530fdadc594c39d49a21ea0337e\scala-xml_2.11-1.0.2.jar;C:\Users\User\.gradle\caches\modules-2\files-2.1\org.scala-lang.modules\scala-parser-combinators_2.11\1.0.1\f05d7345bf5a58924f2837c6c1f4d73a938e1ff0\scala-parser-combinators_2.11-1.0.1.jar;C:\Users\User\.gradle\caches\modules-2\files-2.1\org.scala-lang\scala-library\2.11.1\e11da23da3eabab9f4777b9220e60d44c1aab6a\scala-library-2.11.1.jar;C:\Users\User\.gradle\caches\modules-2\files-2.1\org.scala-lang\scala-parser-combinators_2.11\1.0.1\f05d7345bf5a58924f2837c6c1f4d73a938e1ff0\scala-parser-combinators_2.11-1.0.1.jar;C:\Users\User\.gradle\caches\modules-2\files-2.1\org.scala-lang\scala-swing_2.11\1.0.1\b1cdd92bd47b1e1837139c1c53020e86bb9112ae\scala-swing_2.11-1.0.1.jar;C:\Users\User\.gradle\caches\modules-2\files-2.1\org.scala-lang\scala-xml_2.11\1.0.2\7a80ec00aec122fba7cd4e0d4cdd87ff7e4cb6d0\scala-xml_2.11-1.0.2.jar;C:\Users\User\.gradle\caches\modules-2\files-2.1\net.sf.jopt-simple\jopt-simple\4.5\6065cc95c661255349c1d0756657be17c29a4fd3\jopt-simple-4.5.jar;C:\Users\User\.gradle\caches\modules-2\files-2.1\lzma\lzma\0.0.1\521616dc7487b42bef0e803bd2fa3faf668101d7\lzma-0.0.1.jar;C:\Users\User\.gradle\caches\modules-2\files-2.1\com.mojang\realms\1.3.5\807ae355ee63583becd7ea60e76aab1532bb42e\realms-1.3.5.jar;C:\Users\User\.gradle\caches\modules-2\files-2.1\org.apache.commons\commons-compress\1.8.1\a698750c16740fd5b3871425f4cb3bbaa87f529d\commons-compress-1.8.1.jar;C:\Users\User\.gradle\caches\modules-2\files-2.1\org.apache.httpcomponents\httpclient\4.3.3\18f4247ff4572a074444572cee34647c43e7c9c7\httpclient-4.3.3.jar;C:\Users\User\.gradle\caches\modules-2\files-2.1\commons-logging\commons-logging\1.1.3\f6f66e966c70a83ffbdb6f17a0919eaf7c8aca7f\commons-logging-1.1.3.jar;C:\Users\User\.gradle\caches\modules-2\files-2.1\org.apache.httpcomponents\httpcore\4.3.2\31fbbff1ddbf98f3aa7377c94d33b0447c646b6e\httpcore-4.3.2.jar;C:\Users\User\.gradle\caches\modules-2\files-2.1\java3d\vecmath\1.3.1\a0ae4f51da409fa0c20fa0ca59e6bbc9413ae71d\vecmath-1.3.1.jar;C:\Users\User\.gradle\caches\modules-2\files-2.1\net.sf.trove4j\trove4j\3.0.3\42ccaf4761f0dfdfa805c9e340d99a755907e2dd\trove4j-3.0.3.jar;C:\Users\User\.gradle\caches\modules-2\files-2.1\com.ibm.icu\icu4j-core-mojang\51.2\63d216a9311cca6be337c1e458e587f99d382b84\icu4j-core-mojang-51.2.jar;C:\Users\User\.gradle\caches\modules-2\files-2.1\com.paulscode\codecjorbis\20101023\c73b5636faf089d9f00e8732a829577de25237ee\codecjorbis-20101023.jar;C:\Users\User\.gradle\caches\modules-2\files-2.1\com.paulscode\codecwav\20101023\12f031cfe88fef5c1dd36c563c0a3a69bd7261da\codecwav-20101023.jar;C:\Users\User\.gradle\caches\modules-2\files-2.1\com.paulscode\libraryjavasound\20101123\5c5e304366f75f9eaa2e8cca546a1fb6109348b3\libraryjavasound-20101123.jar;C:\Users\User\.gradle\caches\modules-2\files-2.1\com.paulscode\librarylwjglopenal\20100824\73e80d0794c39665aec3f62eee88ca91676674ef\librarylwjglopenal-20100824.jar;C:\Users\User\.gradle\caches\modules-2\files-2.1\com.paulscode\soundsystem\20120107\419c05fe9be71f792b2d76cfc9b67f1ed0fec7f6\soundsystem-20120107.jar;C:\Users\User\.gradle\caches\modules-2\files-2.1\io.netty\netty-all\4.0.10.Final\9e50bd52ffe257a0e2cd8d971688d6ce7d174325\netty-all-4.0.10.Final.jar;C:\Users\User\.gradle\caches\modules-2\files-2.1\com.mojang\authlib\1.5.16\ef1582b11fd0943d069cdcb72e99008ac209a283\authlib-1.5.16.jar;C:\Users\User\.gradle\caches\modules-2\files-2.1\com.google.guava\guava\17.0\9c6ef172e8de35fd8d4d8783e4821e57cdef7445\guava-17.0.jar;C:\Users\User\.gradle\caches\modules-2\files-2.1\org.apache.commons\commons-lang3\3.3.2\90a3822c38ec8c996e84c16a3477ef632cbc87a3\commons-lang3-3.3.2.jar;C:\Users\User\.gradle\caches\modules-2\files-2.1\commons-io\commons-io\2.4\b1b6ea3b7e4aa4f492509a4952029cd8e48019ad\commons-io-2.4.jar;C:\Users\User\.gradle\caches\modules-2\files-2.1\commons-codec\commons-codec\1.9\9ce04e34240f674bc72680f8b843b1457383161a\commons-codec-1.9.jar;C:\Users\User\.gradle\caches\modules-2\files-2.1\org.lwjgl.lwjgl\lwjgl_util\2.9.1\290d7ba8a1bd9566f5ddf16ad06f09af5ec9b20e\lwjgl_util-2.9.1.jar;C:\Users\User\.gradle\caches\modules-2\files-2.1\org.lwjgl.lwjgl\lwjgl\2.9.1\f58c5aabcef0e41718a564be9f8e412fff8db847\lwjgl-2.9.1.jar;C:\Users\User\.gradle\caches\modules-2\files-2.1\net.java.jinput\jinput\2.0.5\39c7796b469a600f72380316f6b1f11db6c2c7c4\jinput-2.0.5.jar;C:\Users\User\.gradle\caches\modules-2\files-2.1\net.java.jutils\jutils\1.0.0\e12fe1fda814bd348c1579329c86943d2cd3c6a6\jutils-1.0.0.jar;C:\Users\User\.gradle\caches\modules-2\files-2.1\com.google.code.gson\gson\2.2.4\a60a5e993c98c864010053cb901b7eab25306568\gson-2.2.4.jar;C:\Users\User\.gradle\caches\modules-2\files-2.1\org.apache.logging.log4j\log4j-core\2.0-beta9\678861ba1b2e1fccb594bb0ca03114bb05da9695\log4j-core-2.0-beta9.jar;C:\Users\User\.gradle\caches\modules-2\files-2.1\org.apache.logging.log4j\log4j-api\2.0-beta9\1dd66e68cccd907880229f9e2de1314bd13ff785\log4j-api-2.0-beta9.jar;C:\Users\User\.gradle\caches\modules-2\files-2.1\tv.twitch\twitch\5.16\1f55f009c61637c10c0acfb8b5ffc600f30044b4\twitch-5.16.jar;C:\Users\User\.gradle\caches\modules-2\files-2.1\net.java.jinput\jinput-platform\2.0.5\7ff832a6eb9ab6a767f1ade2b548092d0fa64795\jinput-platform-2.0.5-natives-linux.jar;C:\Users\User\.gradle\caches\modules-2\files-2.1\net.java.jinput\jinput-platform\2.0.5\385ee093e01f587f30ee1c8a2ee7d408fd732e16\jinput-platform-2.0.5-natives-windows.jar;C:\Users\User\.gradle\caches\modules-2\files-2.1\net.java.jinput\jinput-platform\2.0.5\53f9c919f34d2ca9de8c51fc4e1e8282029a9232\jinput-platform-2.0.5-natives-osx.jar;C:\Users\User\.gradle\caches\modules-2\files-2.1\org.lwjgl.lwjgl\lwjgl-platform\2.9.1\4c517eca808522457dd95ee8fc1fbcdbb602efbe\lwjgl-platform-2.9.1-natives-windows.jar;C:\Users\User\.gradle\caches\modules-2\files-2.1\org.lwjgl.lwjgl\lwjgl-platform\2.9.1\aa9aae879af8eb378e22cfc64db56ec2ca9a44d1\lwjgl-platform-2.9.1-natives-linux.jar;C:\Users\User\.gradle\caches\modules-2\files-2.1\org.lwjgl.lwjgl\lwjgl-platform\2.9.1\2d12c83fdfbc04ecabf02c7bc8cc54d034f0daac\lwjgl-platform-2.9.1-natives-osx.jar;C:\Users\User\.gradle\caches\modules-2\files-2.1\tv.twitch\twitch-platform\5.16\7c6affe439099806a4f552da14c42f9d643d8b23\twitch-platform-5.16-natives-windows-32.jar;C:\Users\User\.gradle\caches\modules-2\files-2.1\tv.twitch\twitch-platform\5.16\39d0c3d363735b4785598e0e7fbf8297c706a9f9\twitch-platform-5.16-natives-windows-64.jar;C:\Users\User\.gradle\caches\modules-2\files-2.1\tv.twitch\twitch-platform\5.16\62503ee712766cf77f97252e5902786fd834b8c5\twitch-platform-5.16-natives-osx.jar;C:\Users\User\.gradle\caches\modules-2\files-2.1\tv.twitch\twitch-external-platform\4.5\18215140f010c05b9f86ef6f0f8871954d2ccebf\twitch-external-platform-4.5-natives-windows-32.jar;C:\Users\User\.gradle\caches\modules-2\files-2.1\tv.twitch\twitch-external-platform\4.5\c3cde57891b935d41b6680a9c5e1502eeab76d86\twitch-external-platform-4.5-natives-windows-64.jar;C:\Users\User\Desktop\mods\DivineRPG\build\libs\divinerpg-1.4.2.jar
[16:20:36] [main/DEBUG] [FML/]: Java library path at launch is C:\Users\User\.jdks\corretto-1.8.0_422\bin;C:\WINDOWS\Sun\Java\bin;C:\WINDOWS\system32;C:\WINDOWS;C:\Program Files\Microsoft\jdk-21.0.3.9-hotspot\bin;C:\Program Files\Common Files\Oracle\Java\javapath;C:\Program Files (x86)\Common Files\Oracle\Java\javapath;C:\Program Files (x86)\Razer Chroma SDK\bin;C:\Program Files\Razer Chroma SDK\bin;C:\Program Files (x86)\Razer\ChromaBroadcast\bin;C:\Program Files\Razer\ChromaBroadcast\bin;C:\WINDOWS\system32;C:\WINDOWS;C:\WINDOWS\System32\Wbem;C:\WINDOWS\System32\WindowsPowerShell\v1.0\;C:\WINDOWS\System32\OpenSSH\;C:\Program Files (x86)\NVIDIA Corporation\PhysX\Common;C:\Program Files\Git\cmd;C:\Users\User\AppData\Roaming\Microsoft\Windows\Start Menu\Programs\Python 3.10\Scripts\pip;C:\WINDOWS\system32\config\systemprofile\AppData\Local\Microsoft\WindowsApps;C:\Users\User\AppData\Local\Programs\Python\Python310;C:\Users\User\AppData\Local\GitHubDesktop\bin;C:\Program Files\nodejs\;C:\Program Files\NVIDIA Corporation\NVIDIA app\NvDLISR;C:\Program Files\Java\jre1.8.0_351;C:\Users\User\AppData\Local\Programs\Python\Python312\Scripts\;C:\Users\User\AppData\Local\Programs\Python\Python312\;C:\Users\User\AppData\Local\Programs\Python\Python311\Scripts\;C:\Users\User\AppData\Local\Programs\Python\Python311\;C:\Program Files\Microsoft\jdk-21.0.3.9-hotspot\bin;C:\Program Files\Common Files\Oracle\Java\javapath;C:\Program Files (x86)\Common Files\Oracle\Java\javapath;C:\Program Files (x86)\Razer Chroma SDK\bin;C:\Program Files\Razer Chroma SDK\bin;C:\Program Files (x86)\Razer\ChromaBroadcast\bin;C:\Program Files\Razer\ChromaBroadcast\bin;C:\WINDOWS\system32;C:\WINDOWS;C:\WINDOWS\System32\Wbem;C:\WINDOWS\System32\WindowsPowerShell\v1.0\;C:\WINDOWS\System32\OpenSSH\;C:\Program Files (x86)\NVIDIA Corporation\PhysX\Common;C:\Program Files\Git\cmd;C:\Users\User\AppData\Roaming\Microsoft\Windows\Start Menu\Programs\Python 3.10\Scripts\pip;C:\WINDOWS\system32\config\systemprofile\AppData\Local\Microsoft\WindowsApps;C:\Users\User\AppData\Local\Programs\Python\Python310;C:\Users\User\AppData\Local\GitHubDesktop\bin;C:\Program Files\nodejs\;C:\Program Files\NVIDIA Corporation\NVIDIA app\NvDLISR;C:\Program Files\Java\jre1.8.0_351;;C:\Users\User\AppData\Local\Programs\Python\Python310;C:\Users\User\AppData\Local\GitHubDesktop\bin;C:\Users\User\AppData\Roaming\npm;C:\Program Files\JetBrains\IntelliJ IDEA Community Edition 2024.1.1\bin;;.;C:/Users/User/.gradle/caches/minecraft/net/minecraft/minecraft_natives/1.7.10
[16:20:36] [main/INFO] [FML/]: Managed to load a deobfuscated Minecraft name- we are in a deobfuscated environment. Skipping runtime deobfuscation
[16:20:36] [main/DEBUG] [FML/]: Instantiating coremod class FMLCorePlugin
[16:20:36] [main/DEBUG] [FML/]: Added access transformer class cpw.mods.fml.common.asm.transformers.AccessTransformer to enqueued access transformers
[16:20:36] [main/DEBUG] [FML/]: Enqueued coremod FMLCorePlugin
[16:20:36] [main/DEBUG] [FML/]: Instantiating coremod class FMLForgePlugin
[16:20:36] [main/DEBUG] [FML/]: Added access transformer class net.minecraftforge.transformers.ForgeAccessTransformer to enqueued access transformers
[16:20:36] [main/DEBUG] [FML/]: Enqueued coremod FMLForgePlugin
[16:20:36] [main/DEBUG] [FML/]: All fundamental core mods are successfully located
[16:20:36] [main/DEBUG] [FML/]: Attempting to load commandline specified mods, relative to C:\Users\User\Desktop\mods\DivineRPG\run\.
[16:20:36] [main/DEBUG] [FML/]: Discovering coremods
[16:20:36] [main/INFO] [LaunchWrapper/]: Calling tweak class net.minecraftforge.gradle.tweakers.CoremodTweaker
[16:20:36] [main/INFO] [GradleStart/]: Injecting location in coremod cpw.mods.fml.relauncher.FMLCorePlugin
[16:20:36] [main/INFO] [GradleStart/]: Injecting location in coremod net.minecraftforge.classloading.FMLForgePlugin
[16:20:36] [main/INFO] [LaunchWrapper/]: Loading tweak class name cpw.mods.fml.common.launcher.FMLInjectionAndSortingTweaker
[16:20:36] [main/INFO] [LaunchWrapper/]: Loading tweak class name cpw.mods.fml.common.launcher.FMLDeobfTweaker
[16:20:36] [main/INFO] [LaunchWrapper/]: Loading tweak class name net.minecraftforge.gradle.tweakers.AccessTransformerTweaker
[16:20:36] [main/INFO] [LaunchWrapper/]: Calling tweak class cpw.mods.fml.common.launcher.FMLInjectionAndSortingTweaker
[16:20:36] [main/INFO] [LaunchWrapper/]: Calling tweak class cpw.mods.fml.common.launcher.FMLInjectionAndSortingTweaker
[16:20:36] [main/INFO] [LaunchWrapper/]: Calling tweak class cpw.mods.fml.relauncher.CoreModManager$FMLPluginWrapper
[16:20:36] [main/DEBUG] [FML/]: Injecting coremod FMLCorePlugin {cpw.mods.fml.relauncher.FMLCorePlugin} class transformers
[16:20:36] [main/TRACE] [FML/]: Registering transformer cpw.mods.fml.common.asm.transformers.MarkerTransformer
[16:20:36] [main/TRACE] [FML/]: Registering transformer cpw.mods.fml.common.asm.transformers.SideTransformer
[16:20:36] [main/TRACE] [FML/]: Registering transformer cpw.mods.fml.common.asm.transformers.EventSubscriptionTransformer
[16:20:36] [main/DEBUG] [FML/]: Injection complete
[16:20:36] [main/DEBUG] [FML/]: Running coremod plugin for FMLCorePlugin {cpw.mods.fml.relauncher.FMLCorePlugin}
[16:20:36] [main/DEBUG] [FML/]: Running coremod plugin FMLCorePlugin
[16:20:36] [main/ERROR] [FML/]: The binary patch set is missing. Either you are in a development environment, or things are not going to work!
[16:20:37] [main/ERROR] [FML/]: FML appears to be missing any signature data. This is not a good thing
[16:20:37] [main/DEBUG] [FML/]: Coremod plugin class FMLCorePlugin run successfully
[16:20:37] [main/INFO] [LaunchWrapper/]: Calling tweak class cpw.mods.fml.relauncher.CoreModManager$FMLPluginWrapper
[16:20:37] [main/DEBUG] [FML/]: Injecting coremod FMLForgePlugin {net.minecraftforge.classloading.FMLForgePlugin} class transformers
[16:20:37] [main/TRACE] [FML/]: Registering transformer net.minecraftforge.classloading.FluidIdTransformer
[16:20:37] [main/DEBUG] [FML/]: Injection complete
[16:20:37] [main/DEBUG] [FML/]: Running coremod plugin for FMLForgePlugin {net.minecraftforge.classloading.FMLForgePlugin}
[16:20:37] [main/DEBUG] [FML/]: Running coremod plugin FMLForgePlugin
[16:20:37] [main/DEBUG] [FML/]: Coremod plugin class FMLForgePlugin run successfully
[16:20:37] [main/INFO] [LaunchWrapper/]: Calling tweak class cpw.mods.fml.common.launcher.FMLDeobfTweaker
[16:20:37] [main/DEBUG] [FML/]: Loaded 57 rules from AccessTransformer config file fml_at.cfg
[16:20:37] [main/DEBUG] [FML/]: Loaded 89 rules from AccessTransformer config file forge_at.cfg
[16:20:37] [main/DEBUG] [FML/]: Validating minecraft
[16:20:37] [main/DEBUG] [FML/]: Minecraft validated, launching...
[16:20:37] [main/INFO] [LaunchWrapper/]: Calling tweak class net.minecraftforge.gradle.tweakers.AccessTransformerTweaker
[16:20:37] [main/INFO] [LaunchWrapper/]: Loading tweak class name cpw.mods.fml.common.launcher.TerminalTweaker
[16:20:37] [main/INFO] [LaunchWrapper/]: Calling tweak class cpw.mods.fml.common.launcher.TerminalTweaker
[16:20:37] [main/INFO] [LaunchWrapper/]: Launching wrapped minecraft {net.minecraft.client.main.Main}
[16:20:39] [Client thread/DEBUG] [FML/]: Bar Finished: Loading Resource - LanguageManager took 0.018s
[16:20:39] [Client thread/INFO] [FML/]: Could not load splash.properties, will create a default one
[16:20:39] [Client thread/INFO] [STDOUT/]: [cpw.mods.fml.client.SplashProgress:start:188]: ---- Minecraft Crash Report ----
// You're mean.

Time: 17/11/24 4:20 PM
Description: Loading screen debug info

This is just a prompt for computer specs to be printed. THIS IS NOT A ERROR


A detailed walkthrough of the error, its code path and all known details is as follows:
---------------------------------------------------------------------------------------

-- System Details --
Details:
	Minecraft Version: 1.7.10
	Operating System: Windows 10 (amd64) version 10.0
	Java Version: 1.8.0_422, Amazon.com Inc.
	Java VM Version: OpenJDK 64-Bit Server VM (mixed mode), Amazon.com Inc.
	Memory: 598468304 bytes (570 MB) / 735576064 bytes (701 MB) up to 15254683648 bytes (14548 MB)
	JVM Flags: 0 total; 
	AABB Pool Size: 0 (0 bytes; 0 MB) allocated, 0 (0 bytes; 0 MB) used
	IntCache: cache: 0, tcache: 0, allocated: 0, tallocated: 0
	FML: 
	GL info: ' Vendor: 'NVIDIA Corporation' Version: '4.6.0 NVIDIA 566.14' Renderer: 'NVIDIA GeForce RTX 2080 SUPER/PCIe/SSE2'
[16:20:39] [Client thread/INFO] [MinecraftForge/]: Attempting early MinecraftForge initialization
[16:20:39] [Client thread/INFO] [FML/]: MinecraftForge v10.13.4.1614 Initialized
[16:20:39] [Client thread/INFO] [FML/]: Replaced 183 ore recipies
[16:20:39] [Client thread/INFO] [MinecraftForge/]: Completed early MinecraftForge initialization
[16:20:39] [Client thread/DEBUG] [FML/]: File C:\Users\User\Desktop\mods\DivineRPG\run\config\injectedDependencies.json not found. No dependencies injected
[16:20:39] [Client thread/DEBUG] [FML/]: Building injected Mod Containers [cpw.mods.fml.common.FMLContainer, net.minecraftforge.common.ForgeModContainer]
[16:20:39] [Client thread/DEBUG] [FML/]: Attempting to load mods contained in the minecraft jar file and associated classes
[16:20:39] [Client thread/DEBUG] [FML/]: Found a minecraft related directory at C:\Users\User\.gradle\caches\minecraft\net\minecraftforge\forge\1.7.10-10.13.4.1614-1.7.10\start, examining for mod candidates
[16:20:39] [Client thread/DEBUG] [FML/]: Found a minecraft related file at C:\Users\User\.gradle\caches\minecraft\net\minecraftforge\forge\1.7.10-10.13.4.1614-1.7.10\forgeSrc-1.7.10-10.13.4.1614-1.7.10.jar, examining for mod candidates
[16:20:39] [Client thread/DEBUG] [FML/]: Found a minecraft related file at C:\Users\User\.gradle\caches\modules-2\files-2.1\net.minecraft\launchwrapper\1.12\111e7bea9c968cdb3d06ef4632bf7ff0824d0f36\launchwrapper-1.12.jar, examining for mod candidates
[16:20:39] [Client thread/DEBUG] [FML/]: Found a minecraft related file at C:\Users\User\.gradle\caches\modules-2\files-2.1\com.google.code.findbugs\jsr305\1.3.9\40719ea6961c0cb6afaeb6a921eaa1f6afd4cfdf\jsr305-1.3.9.jar, examining for mod candidates
[16:20:39] [Client thread/DEBUG] [FML/]: Found a minecraft related file at C:\Users\User\.gradle\caches\modules-2\files-2.1\org.ow2.asm\asm-debug-all\5.0.3\f9e364ae2a66ce2a543012a4668856e84e5dab74\asm-debug-all-5.0.3.jar, examining for mod candidates
[16:20:39] [Client thread/DEBUG] [FML/]: Found a minecraft related file at C:\Users\User\.gradle\caches\modules-2\files-2.1\com.typesafe.akka\akka-actor_2.11\2.3.3\ed62e9fc709ca0f2ff1a3220daa8b70a2870078e\akka-actor_2.11-2.3.3.jar, examining for mod candidates
[16:20:39] [Client thread/DEBUG] [FML/]: Found a minecraft related file at C:\Users\User\.gradle\caches\modules-2\files-2.1\com.typesafe\config\1.2.1\f771f71fdae3df231bcd54d5ca2d57f0bf93f467\config-1.2.1.jar, examining for mod candidates
[16:20:39] [Client thread/DEBUG] [FML/]: Found a minecraft related file at C:\Users\User\.gradle\caches\modules-2\files-2.1\org.scala-lang\scala-actors-migration_2.11\1.1.0\dfa8bc42b181d5b9f1a5dd147f8ae308b893eb6f\scala-actors-migration_2.11-1.1.0.jar, examining for mod candidates
[16:20:39] [Client thread/DEBUG] [FML/]: Found a minecraft related file at C:\Users\User\.gradle\caches\modules-2\files-2.1\org.scala-lang.plugins\scala-continuations-plugin_2.11.1\1.0.2\f361a3283452c57fa30c1ee69448995de23c60f7\scala-continuations-plugin_2.11.1-1.0.2.jar, examining for mod candidates
[16:20:39] [Client thread/DEBUG] [FML/]: Found a minecraft related file at C:\Users\User\.gradle\caches\modules-2\files-2.1\org.scala-lang\scala-compiler\2.11.1\56ea2e6c025e0821f28d73ca271218b8dd04926a\scala-compiler-2.11.1.jar, examining for mod candidates
[16:20:39] [Client thread/DEBUG] [FML/]: Found a minecraft related file at C:\Users\User\.gradle\caches\modules-2\files-2.1\org.scala-lang.plugins\scala-continuations-library_2.11\1.0.2\e517c53a7e9acd6b1668c5a35eccbaa3bab9aac\scala-continuations-library_2.11-1.0.2.jar, examining for mod candidates
[16:20:39] [Client thread/DEBUG] [FML/]: Found a minecraft related file at C:\Users\User\.gradle\caches\modules-2\files-2.1\org.scala-lang\scala-reflect\2.11.1\6580347e61cc7f8e802941e7fde40fa83b8badeb\scala-reflect-2.11.1.jar, examining for mod candidates
[16:20:39] [Client thread/DEBUG] [FML/]: Found a minecraft related file at C:\Users\User\.gradle\caches\modules-2\files-2.1\org.scala-lang\scala-actors\2.11.0\8ccfb6541de179bb1c4d45cf414acee069b7f78b\scala-actors-2.11.0.jar, examining for mod candidates
[16:20:39] [Client thread/DEBUG] [FML/]: Found a minecraft related file at C:\Users\User\.gradle\caches\modules-2\files-2.1\org.scala-lang.modules\scala-xml_2.11\1.0.2\820fbca7e524b530fdadc594c39d49a21ea0337e\scala-xml_2.11-1.0.2.jar, examining for mod candidates
[16:20:39] [Client thread/DEBUG] [FML/]: Found a minecraft related file at C:\Users\User\.gradle\caches\modules-2\files-2.1\org.scala-lang.modules\scala-parser-combinators_2.11\1.0.1\f05d7345bf5a58924f2837c6c1f4d73a938e1ff0\scala-parser-combinators_2.11-1.0.1.jar, examining for mod candidates
[16:20:39] [Client thread/DEBUG] [FML/]: Found a minecraft related file at C:\Users\User\.gradle\caches\modules-2\files-2.1\org.scala-lang\scala-library\2.11.1\e11da23da3eabab9f4777b9220e60d44c1aab6a\scala-library-2.11.1.jar, examining for mod candidates
[16:20:39] [Client thread/DEBUG] [FML/]: Found a minecraft related file at C:\Users\User\.gradle\caches\modules-2\files-2.1\org.scala-lang\scala-parser-combinators_2.11\1.0.1\f05d7345bf5a58924f2837c6c1f4d73a938e1ff0\scala-parser-combinators_2.11-1.0.1.jar, examining for mod candidates
[16:20:39] [Client thread/DEBUG] [FML/]: Found a minecraft related file at C:\Users\User\.gradle\caches\modules-2\files-2.1\org.scala-lang\scala-swing_2.11\1.0.1\b1cdd92bd47b1e1837139c1c53020e86bb9112ae\scala-swing_2.11-1.0.1.jar, examining for mod candidates
[16:20:39] [Client thread/DEBUG] [FML/]: Found a minecraft related file at C:\Users\User\.gradle\caches\modules-2\files-2.1\org.scala-lang\scala-xml_2.11\1.0.2\7a80ec00aec122fba7cd4e0d4cdd87ff7e4cb6d0\scala-xml_2.11-1.0.2.jar, examining for mod candidates
[16:20:39] [Client thread/DEBUG] [FML/]: Found a minecraft related file at C:\Users\User\.gradle\caches\modules-2\files-2.1\net.sf.jopt-simple\jopt-simple\4.5\6065cc95c661255349c1d0756657be17c29a4fd3\jopt-simple-4.5.jar, examining for mod candidates
[16:20:39] [Client thread/DEBUG] [FML/]: Found a minecraft related file at C:\Users\User\.gradle\caches\modules-2\files-2.1\lzma\lzma\0.0.1\521616dc7487b42bef0e803bd2fa3faf668101d7\lzma-0.0.1.jar, examining for mod candidates
[16:20:39] [Client thread/DEBUG] [FML/]: Found a minecraft related file at C:\Users\User\.gradle\caches\modules-2\files-2.1\com.mojang\realms\1.3.5\807ae355ee63583becd7ea60e76aab1532bb42e\realms-1.3.5.jar, examining for mod candidates
[16:20:39] [Client thread/DEBUG] [FML/]: Found a minecraft related file at C:\Users\User\.gradle\caches\modules-2\files-2.1\org.apache.commons\commons-compress\1.8.1\a698750c16740fd5b3871425f4cb3bbaa87f529d\commons-compress-1.8.1.jar, examining for mod candidates
[16:20:39] [Client thread/DEBUG] [FML/]: Found a minecraft related file at C:\Users\User\.gradle\caches\modules-2\files-2.1\org.apache.httpcomponents\httpclient\4.3.3\18f4247ff4572a074444572cee34647c43e7c9c7\httpclient-4.3.3.jar, examining for mod candidates
[16:20:39] [Client thread/DEBUG] [FML/]: Found a minecraft related file at C:\Users\User\.gradle\caches\modules-2\files-2.1\commons-logging\commons-logging\1.1.3\f6f66e966c70a83ffbdb6f17a0919eaf7c8aca7f\commons-logging-1.1.3.jar, examining for mod candidates
[16:20:39] [Client thread/DEBUG] [FML/]: Found a minecraft related file at C:\Users\User\.gradle\caches\modules-2\files-2.1\org.apache.httpcomponents\httpcore\4.3.2\31fbbff1ddbf98f3aa7377c94d33b0447c646b6e\httpcore-4.3.2.jar, examining for mod candidates
[16:20:39] [Client thread/DEBUG] [FML/]: Found a minecraft related file at C:\Users\User\.gradle\caches\modules-2\files-2.1\java3d\vecmath\1.3.1\a0ae4f51da409fa0c20fa0ca59e6bbc9413ae71d\vecmath-1.3.1.jar, examining for mod candidates
[16:20:39] [Client thread/DEBUG] [FML/]: Found a minecraft related file at C:\Users\User\.gradle\caches\modules-2\files-2.1\net.sf.trove4j\trove4j\3.0.3\42ccaf4761f0dfdfa805c9e340d99a755907e2dd\trove4j-3.0.3.jar, examining for mod candidates
[16:20:39] [Client thread/DEBUG] [FML/]: Found a minecraft related file at C:\Users\User\.gradle\caches\modules-2\files-2.1\com.ibm.icu\icu4j-core-mojang\51.2\63d216a9311cca6be337c1e458e587f99d382b84\icu4j-core-mojang-51.2.jar, examining for mod candidates
[16:20:39] [Client thread/DEBUG] [FML/]: Found a minecraft related file at C:\Users\User\.gradle\caches\modules-2\files-2.1\com.paulscode\codecjorbis\20101023\c73b5636faf089d9f00e8732a829577de25237ee\codecjorbis-20101023.jar, examining for mod candidates
[16:20:39] [Client thread/DEBUG] [FML/]: Found a minecraft related file at C:\Users\User\.gradle\caches\modules-2\files-2.1\com.paulscode\codecwav\20101023\12f031cfe88fef5c1dd36c563c0a3a69bd7261da\codecwav-20101023.jar, examining for mod candidates
[16:20:39] [Client thread/DEBUG] [FML/]: Found a minecraft related file at C:\Users\User\.gradle\caches\modules-2\files-2.1\com.paulscode\libraryjavasound\20101123\5c5e304366f75f9eaa2e8cca546a1fb6109348b3\libraryjavasound-20101123.jar, examining for mod candidates
[16:20:39] [Client thread/DEBUG] [FML/]: Found a minecraft related file at C:\Users\User\.gradle\caches\modules-2\files-2.1\com.paulscode\librarylwjglopenal\20100824\73e80d0794c39665aec3f62eee88ca91676674ef\librarylwjglopenal-20100824.jar, examining for mod candidates
[16:20:39] [Client thread/DEBUG] [FML/]: Found a minecraft related file at C:\Users\User\.gradle\caches\modules-2\files-2.1\com.paulscode\soundsystem\20120107\419c05fe9be71f792b2d76cfc9b67f1ed0fec7f6\soundsystem-20120107.jar, examining for mod candidates
[16:20:39] [Client thread/DEBUG] [FML/]: Found a minecraft related file at C:\Users\User\.gradle\caches\modules-2\files-2.1\io.netty\netty-all\4.0.10.Final\9e50bd52ffe257a0e2cd8d971688d6ce7d174325\netty-all-4.0.10.Final.jar, examining for mod candidates
[16:20:39] [Client thread/DEBUG] [FML/]: Found a minecraft related file at C:\Users\User\.gradle\caches\modules-2\files-2.1\com.mojang\authlib\1.5.16\ef1582b11fd0943d069cdcb72e99008ac209a283\authlib-1.5.16.jar, examining for mod candidates
[16:20:39] [Client thread/DEBUG] [FML/]: Found a minecraft related file at C:\Users\User\.gradle\caches\modules-2\files-2.1\com.google.guava\guava\17.0\9c6ef172e8de35fd8d4d8783e4821e57cdef7445\guava-17.0.jar, examining for mod candidates
[16:20:39] [Client thread/DEBUG] [FML/]: Found a minecraft related file at C:\Users\User\.gradle\caches\modules-2\files-2.1\org.apache.commons\commons-lang3\3.3.2\90a3822c38ec8c996e84c16a3477ef632cbc87a3\commons-lang3-3.3.2.jar, examining for mod candidates
[16:20:39] [Client thread/DEBUG] [FML/]: Found a minecraft related file at C:\Users\User\.gradle\caches\modules-2\files-2.1\commons-io\commons-io\2.4\b1b6ea3b7e4aa4f492509a4952029cd8e48019ad\commons-io-2.4.jar, examining for mod candidates
[16:20:39] [Client thread/DEBUG] [FML/]: Found a minecraft related file at C:\Users\User\.gradle\caches\modules-2\files-2.1\commons-codec\commons-codec\1.9\9ce04e34240f674bc72680f8b843b1457383161a\commons-codec-1.9.jar, examining for mod candidates
[16:20:39] [Client thread/DEBUG] [FML/]: Found a minecraft related file at C:\Users\User\.gradle\caches\modules-2\files-2.1\org.lwjgl.lwjgl\lwjgl_util\2.9.1\290d7ba8a1bd9566f5ddf16ad06f09af5ec9b20e\lwjgl_util-2.9.1.jar, examining for mod candidates
[16:20:39] [Client thread/DEBUG] [FML/]: Found a minecraft related file at C:\Users\User\.gradle\caches\modules-2\files-2.1\org.lwjgl.lwjgl\lwjgl\2.9.1\f58c5aabcef0e41718a564be9f8e412fff8db847\lwjgl-2.9.1.jar, examining for mod candidates
[16:20:39] [Client thread/DEBUG] [FML/]: Found a minecraft related file at C:\Users\User\.gradle\caches\modules-2\files-2.1\net.java.jinput\jinput\2.0.5\39c7796b469a600f72380316f6b1f11db6c2c7c4\jinput-2.0.5.jar, examining for mod candidates
[16:20:39] [Client thread/DEBUG] [FML/]: Found a minecraft related file at C:\Users\User\.gradle\caches\modules-2\files-2.1\net.java.jutils\jutils\1.0.0\e12fe1fda814bd348c1579329c86943d2cd3c6a6\jutils-1.0.0.jar, examining for mod candidates
[16:20:39] [Client thread/DEBUG] [FML/]: Found a minecraft related file at C:\Users\User\.gradle\caches\modules-2\files-2.1\com.google.code.gson\gson\2.2.4\a60a5e993c98c864010053cb901b7eab25306568\gson-2.2.4.jar, examining for mod candidates
[16:20:39] [Client thread/DEBUG] [FML/]: Found a minecraft related file at C:\Users\User\.gradle\caches\modules-2\files-2.1\org.apache.logging.log4j\log4j-core\2.0-beta9\678861ba1b2e1fccb594bb0ca03114bb05da9695\log4j-core-2.0-beta9.jar, examining for mod candidates
[16:20:39] [Client thread/DEBUG] [FML/]: Found a minecraft related file at C:\Users\User\.gradle\caches\modules-2\files-2.1\org.apache.logging.log4j\log4j-api\2.0-beta9\1dd66e68cccd907880229f9e2de1314bd13ff785\log4j-api-2.0-beta9.jar, examining for mod candidates
[16:20:39] [Client thread/DEBUG] [FML/]: Found a minecraft related file at C:\Users\User\.gradle\caches\modules-2\files-2.1\tv.twitch\twitch\5.16\1f55f009c61637c10c0acfb8b5ffc600f30044b4\twitch-5.16.jar, examining for mod candidates
[16:20:39] [Client thread/DEBUG] [FML/]: Found a minecraft related file at C:\Users\User\.gradle\caches\modules-2\files-2.1\net.java.jinput\jinput-platform\2.0.5\7ff832a6eb9ab6a767f1ade2b548092d0fa64795\jinput-platform-2.0.5-natives-linux.jar, examining for mod candidates
[16:20:39] [Client thread/DEBUG] [FML/]: Found a minecraft related file at C:\Users\User\.gradle\caches\modules-2\files-2.1\net.java.jinput\jinput-platform\2.0.5\385ee093e01f587f30ee1c8a2ee7d408fd732e16\jinput-platform-2.0.5-natives-windows.jar, examining for mod candidates
[16:20:39] [Client thread/DEBUG] [FML/]: Found a minecraft related file at C:\Users\User\.gradle\caches\modules-2\files-2.1\net.java.jinput\jinput-platform\2.0.5\53f9c919f34d2ca9de8c51fc4e1e8282029a9232\jinput-platform-2.0.5-natives-osx.jar, examining for mod candidates
[16:20:39] [Client thread/DEBUG] [FML/]: Found a minecraft related file at C:\Users\User\.gradle\caches\modules-2\files-2.1\org.lwjgl.lwjgl\lwjgl-platform\2.9.1\4c517eca808522457dd95ee8fc1fbcdbb602efbe\lwjgl-platform-2.9.1-natives-windows.jar, examining for mod candidates
[16:20:39] [Client thread/DEBUG] [FML/]: Found a minecraft related file at C:\Users\User\.gradle\caches\modules-2\files-2.1\org.lwjgl.lwjgl\lwjgl-platform\2.9.1\aa9aae879af8eb378e22cfc64db56ec2ca9a44d1\lwjgl-platform-2.9.1-natives-linux.jar, examining for mod candidates
[16:20:39] [Client thread/DEBUG] [FML/]: Found a minecraft related file at C:\Users\User\.gradle\caches\modules-2\files-2.1\org.lwjgl.lwjgl\lwjgl-platform\2.9.1\2d12c83fdfbc04ecabf02c7bc8cc54d034f0daac\lwjgl-platform-2.9.1-natives-osx.jar, examining for mod candidates
[16:20:39] [Client thread/DEBUG] [FML/]: Found a minecraft related file at C:\Users\User\.gradle\caches\modules-2\files-2.1\tv.twitch\twitch-platform\5.16\7c6affe439099806a4f552da14c42f9d643d8b23\twitch-platform-5.16-natives-windows-32.jar, examining for mod candidates
[16:20:39] [Client thread/DEBUG] [FML/]: Found a minecraft related file at C:\Users\User\.gradle\caches\modules-2\files-2.1\tv.twitch\twitch-platform\5.16\39d0c3d363735b4785598e0e7fbf8297c706a9f9\twitch-platform-5.16-natives-windows-64.jar, examining for mod candidates
[16:20:39] [Client thread/DEBUG] [FML/]: Found a minecraft related file at C:\Users\User\.gradle\caches\modules-2\files-2.1\tv.twitch\twitch-platform\5.16\62503ee712766cf77f97252e5902786fd834b8c5\twitch-platform-5.16-natives-osx.jar, examining for mod candidates
[16:20:39] [Client thread/DEBUG] [FML/]: Found a minecraft related file at C:\Users\User\.gradle\caches\modules-2\files-2.1\tv.twitch\twitch-external-platform\4.5\18215140f010c05b9f86ef6f0f8871954d2ccebf\twitch-external-platform-4.5-natives-windows-32.jar, examining for mod candidates
[16:20:39] [Client thread/DEBUG] [FML/]: Found a minecraft related file at C:\Users\User\.gradle\caches\modules-2\files-2.1\tv.twitch\twitch-external-platform\4.5\c3cde57891b935d41b6680a9c5e1502eeab76d86\twitch-external-platform-4.5-natives-windows-64.jar, examining for mod candidates
[16:20:39] [Client thread/DEBUG] [FML/]: Found a minecraft related file at C:\Users\User\Desktop\mods\DivineRPG\build\libs\divinerpg-1.4.2.jar, examining for mod candidates
[16:20:39] [Client thread/DEBUG] [FML/]: Minecraft jar mods loaded successfully
[16:20:39] [Client thread/INFO] [FML/]: Found 0 mods from the command line. Injecting into mod discoverer
[16:20:39] [Client thread/INFO] [FML/]: Searching C:\Users\User\Desktop\mods\DivineRPG\run\mods for mods
[16:20:39] [Client thread/DEBUG] [FML/]: Examining directory start for potential mods
[16:20:39] [Client thread/DEBUG] [FML/]: No mcmod.info file found in directory start
[16:20:39] [Client thread/TRACE] [FML/]: Recursing into package net
[16:20:39] [Client thread/TRACE] [FML/]: Recursing into package net.minecraftforge
[16:20:39] [Client thread/TRACE] [FML/]: Recursing into package net.minecraftforge.gradle
[16:20:39] [Client thread/TRACE] [FML/]: Recursing into package net.minecraftforge.gradle.tweakers
[16:20:39] [Client thread/DEBUG] [FML/]: Examining file forgeSrc-1.7.10-10.13.4.1614-1.7.10.jar for potential mods
[16:20:39] [Client thread/DEBUG] [FML/]: The mod container forgeSrc-1.7.10-10.13.4.1614-1.7.10.jar appears to be missing an mcmod.info file
[16:20:40] [Client thread/DEBUG] [FML/]: Examining file launchwrapper-1.12.jar for potential mods
[16:20:40] [Client thread/DEBUG] [FML/]: The mod container launchwrapper-1.12.jar appears to be missing an mcmod.info file
[16:20:40] [Client thread/DEBUG] [FML/]: Examining file jsr305-1.3.9.jar for potential mods
[16:20:40] [Client thread/DEBUG] [FML/]: The mod container jsr305-1.3.9.jar appears to be missing an mcmod.info file
[16:20:40] [Client thread/DEBUG] [FML/]: Examining file asm-debug-all-5.0.3.jar for potential mods
[16:20:40] [Client thread/DEBUG] [FML/]: The mod container asm-debug-all-5.0.3.jar appears to be missing an mcmod.info file
[16:20:40] [Client thread/DEBUG] [FML/]: Examining file akka-actor_2.11-2.3.3.jar for potential mods
[16:20:40] [Client thread/DEBUG] [FML/]: The mod container akka-actor_2.11-2.3.3.jar appears to be missing an mcmod.info file
[16:20:40] [Client thread/DEBUG] [FML/]: Examining file config-1.2.1.jar for potential mods
[16:20:40] [Client thread/DEBUG] [FML/]: The mod container config-1.2.1.jar appears to be missing an mcmod.info file
[16:20:40] [Client thread/DEBUG] [FML/]: Examining file scala-actors-migration_2.11-1.1.0.jar for potential mods
[16:20:40] [Client thread/DEBUG] [FML/]: The mod container scala-actors-migration_2.11-1.1.0.jar appears to be missing an mcmod.info file
[16:20:40] [Client thread/DEBUG] [FML/]: Examining file scala-continuations-plugin_2.11.1-1.0.2.jar for potential mods
[16:20:40] [Client thread/DEBUG] [FML/]: The mod container scala-continuations-plugin_2.11.1-1.0.2.jar appears to be missing an mcmod.info file
[16:20:40] [Client thread/DEBUG] [FML/]: Examining file scala-compiler-2.11.1.jar for potential mods
[16:20:40] [Client thread/DEBUG] [FML/]: The mod container scala-compiler-2.11.1.jar appears to be missing an mcmod.info file
[16:20:41] [Client thread/DEBUG] [FML/]: Examining file scala-continuations-library_2.11-1.0.2.jar for potential mods
[16:20:41] [Client thread/DEBUG] [FML/]: The mod container scala-continuations-library_2.11-1.0.2.jar appears to be missing an mcmod.info file
[16:20:41] [Client thread/DEBUG] [FML/]: Examining file scala-reflect-2.11.1.jar for potential mods
[16:20:41] [Client thread/DEBUG] [FML/]: The mod container scala-reflect-2.11.1.jar appears to be missing an mcmod.info file
[16:20:41] [Client thread/DEBUG] [FML/]: Examining file scala-actors-2.11.0.jar for potential mods
[16:20:41] [Client thread/DEBUG] [FML/]: The mod container scala-actors-2.11.0.jar appears to be missing an mcmod.info file
[16:20:41] [Client thread/DEBUG] [FML/]: Examining file scala-xml_2.11-1.0.2.jar for potential mods
[16:20:41] [Client thread/DEBUG] [FML/]: The mod container scala-xml_2.11-1.0.2.jar appears to be missing an mcmod.info file
[16:20:41] [Client thread/DEBUG] [FML/]: Examining file scala-parser-combinators_2.11-1.0.1.jar for potential mods
[16:20:41] [Client thread/DEBUG] [FML/]: The mod container scala-parser-combinators_2.11-1.0.1.jar appears to be missing an mcmod.info file
[16:20:41] [Client thread/DEBUG] [FML/]: Examining file scala-library-2.11.1.jar for potential mods
[16:20:41] [Client thread/DEBUG] [FML/]: The mod container scala-library-2.11.1.jar appears to be missing an mcmod.info file
[16:20:41] [Client thread/DEBUG] [FML/]: Examining file scala-parser-combinators_2.11-1.0.1.jar for potential mods
[16:20:41] [Client thread/DEBUG] [FML/]: The mod container scala-parser-combinators_2.11-1.0.1.jar appears to be missing an mcmod.info file
[16:20:41] [Client thread/DEBUG] [FML/]: Examining file scala-swing_2.11-1.0.1.jar for potential mods
[16:20:41] [Client thread/DEBUG] [FML/]: The mod container scala-swing_2.11-1.0.1.jar appears to be missing an mcmod.info file
[16:20:41] [Client thread/DEBUG] [FML/]: Examining file scala-xml_2.11-1.0.2.jar for potential mods
[16:20:41] [Client thread/DEBUG] [FML/]: The mod container scala-xml_2.11-1.0.2.jar appears to be missing an mcmod.info file
[16:20:42] [Client thread/DEBUG] [FML/]: Examining file jopt-simple-4.5.jar for potential mods
[16:20:42] [Client thread/DEBUG] [FML/]: The mod container jopt-simple-4.5.jar appears to be missing an mcmod.info file
[16:20:42] [Client thread/DEBUG] [FML/]: Examining file lzma-0.0.1.jar for potential mods
[16:20:42] [Client thread/DEBUG] [FML/]: The mod container lzma-0.0.1.jar appears to be missing an mcmod.info file
[16:20:42] [Client thread/DEBUG] [FML/]: Examining file realms-1.3.5.jar for potential mods
[16:20:42] [Client thread/DEBUG] [FML/]: The mod container realms-1.3.5.jar appears to be missing an mcmod.info file
[16:20:42] [Client thread/DEBUG] [FML/]: Examining file commons-compress-1.8.1.jar for potential mods
[16:20:42] [Client thread/DEBUG] [FML/]: The mod container commons-compress-1.8.1.jar appears to be missing an mcmod.info file
[16:20:42] [Client thread/DEBUG] [FML/]: Examining file httpclient-4.3.3.jar for potential mods
[16:20:42] [Client thread/DEBUG] [FML/]: The mod container httpclient-4.3.3.jar appears to be missing an mcmod.info file
[16:20:42] [Client thread/DEBUG] [FML/]: Examining file commons-logging-1.1.3.jar for potential mods
[16:20:42] [Client thread/DEBUG] [FML/]: The mod container commons-logging-1.1.3.jar appears to be missing an mcmod.info file
[16:20:42] [Client thread/DEBUG] [FML/]: Examining file httpcore-4.3.2.jar for potential mods
[16:20:42] [Client thread/DEBUG] [FML/]: The mod container httpcore-4.3.2.jar appears to be missing an mcmod.info file
[16:20:42] [Client thread/DEBUG] [FML/]: Examining file vecmath-1.3.1.jar for potential mods
[16:20:42] [Client thread/DEBUG] [FML/]: The mod container vecmath-1.3.1.jar appears to be missing an mcmod.info file
[16:20:42] [Client thread/DEBUG] [FML/]: Examining file trove4j-3.0.3.jar for potential mods
[16:20:42] [Client thread/DEBUG] [FML/]: The mod container trove4j-3.0.3.jar appears to be missing an mcmod.info file
[16:20:42] [Client thread/DEBUG] [FML/]: Examining file icu4j-core-mojang-51.2.jar for potential mods
[16:20:42] [Client thread/DEBUG] [FML/]: The mod container icu4j-core-mojang-51.2.jar appears to be missing an mcmod.info file
[16:20:42] [Client thread/DEBUG] [FML/]: Examining file codecjorbis-20101023.jar for potential mods
[16:20:42] [Client thread/DEBUG] [FML/]: The mod container codecjorbis-20101023.jar appears to be missing an mcmod.info file
[16:20:42] [Client thread/DEBUG] [FML/]: Examining file codecwav-20101023.jar for potential mods
[16:20:42] [Client thread/DEBUG] [FML/]: The mod container codecwav-20101023.jar appears to be missing an mcmod.info file
[16:20:42] [Client thread/DEBUG] [FML/]: Examining file libraryjavasound-20101123.jar for potential mods
[16:20:42] [Client thread/DEBUG] [FML/]: The mod container libraryjavasound-20101123.jar appears to be missing an mcmod.info file
[16:20:42] [Client thread/DEBUG] [FML/]: Examining file librarylwjglopenal-20100824.jar for potential mods
[16:20:42] [Client thread/DEBUG] [FML/]: The mod container librarylwjglopenal-20100824.jar appears to be missing an mcmod.info file
[16:20:42] [Client thread/DEBUG] [FML/]: Examining file soundsystem-20120107.jar for potential mods
[16:20:42] [Client thread/DEBUG] [FML/]: The mod container soundsystem-20120107.jar appears to be missing an mcmod.info file
[16:20:42] [Client thread/DEBUG] [FML/]: Examining file netty-all-4.0.10.Final.jar for potential mods
[16:20:42] [Client thread/DEBUG] [FML/]: The mod container netty-all-4.0.10.Final.jar appears to be missing an mcmod.info file
[16:20:42] [Client thread/DEBUG] [FML/]: Examining file authlib-1.5.16.jar for potential mods
[16:20:42] [Client thread/DEBUG] [FML/]: The mod container authlib-1.5.16.jar appears to be missing an mcmod.info file
[16:20:42] [Client thread/DEBUG] [FML/]: Examining file guava-17.0.jar for potential mods
[16:20:42] [Client thread/DEBUG] [FML/]: The mod container guava-17.0.jar appears to be missing an mcmod.info file
[16:20:42] [Client thread/DEBUG] [FML/]: Examining file commons-lang3-3.3.2.jar for potential mods
[16:20:42] [Client thread/DEBUG] [FML/]: The mod container commons-lang3-3.3.2.jar appears to be missing an mcmod.info file
[16:20:42] [Client thread/DEBUG] [FML/]: Examining file commons-io-2.4.jar for potential mods
[16:20:42] [Client thread/DEBUG] [FML/]: The mod container commons-io-2.4.jar appears to be missing an mcmod.info file
[16:20:42] [Client thread/DEBUG] [FML/]: Examining file commons-codec-1.9.jar for potential mods
[16:20:42] [Client thread/DEBUG] [FML/]: The mod container commons-codec-1.9.jar appears to be missing an mcmod.info file
[16:20:42] [Client thread/DEBUG] [FML/]: Examining file lwjgl_util-2.9.1.jar for potential mods
[16:20:42] [Client thread/DEBUG] [FML/]: The mod container lwjgl_util-2.9.1.jar appears to be missing an mcmod.info file
[16:20:42] [Client thread/DEBUG] [FML/]: Examining file lwjgl-2.9.1.jar for potential mods
[16:20:42] [Client thread/DEBUG] [FML/]: The mod container lwjgl-2.9.1.jar appears to be missing an mcmod.info file
[16:20:42] [Client thread/DEBUG] [FML/]: Examining file jinput-2.0.5.jar for potential mods
[16:20:42] [Client thread/DEBUG] [FML/]: The mod container jinput-2.0.5.jar appears to be missing an mcmod.info file
[16:20:42] [Client thread/DEBUG] [FML/]: Examining file jutils-1.0.0.jar for potential mods
[16:20:42] [Client thread/DEBUG] [FML/]: The mod container jutils-1.0.0.jar appears to be missing an mcmod.info file
[16:20:42] [Client thread/DEBUG] [FML/]: Examining file gson-2.2.4.jar for potential mods
[16:20:42] [Client thread/DEBUG] [FML/]: The mod container gson-2.2.4.jar appears to be missing an mcmod.info file
[16:20:42] [Client thread/DEBUG] [FML/]: Examining file log4j-core-2.0-beta9.jar for potential mods
[16:20:42] [Client thread/DEBUG] [FML/]: The mod container log4j-core-2.0-beta9.jar appears to be missing an mcmod.info file
[16:20:42] [Client thread/DEBUG] [FML/]: Examining file log4j-api-2.0-beta9.jar for potential mods
[16:20:42] [Client thread/DEBUG] [FML/]: The mod container log4j-api-2.0-beta9.jar appears to be missing an mcmod.info file
[16:20:42] [Client thread/DEBUG] [FML/]: Examining file twitch-5.16.jar for potential mods
[16:20:42] [Client thread/DEBUG] [FML/]: The mod container twitch-5.16.jar appears to be missing an mcmod.info file
[16:20:42] [Client thread/DEBUG] [FML/]: Examining file jinput-platform-2.0.5-natives-linux.jar for potential mods
[16:20:42] [Client thread/DEBUG] [FML/]: The mod container jinput-platform-2.0.5-natives-linux.jar appears to be missing an mcmod.info file
[16:20:42] [Client thread/DEBUG] [FML/]: Examining file jinput-platform-2.0.5-natives-windows.jar for potential mods
[16:20:42] [Client thread/DEBUG] [FML/]: The mod container jinput-platform-2.0.5-natives-windows.jar appears to be missing an mcmod.info file
[16:20:42] [Client thread/DEBUG] [FML/]: Examining file jinput-platform-2.0.5-natives-osx.jar for potential mods
[16:20:42] [Client thread/DEBUG] [FML/]: The mod container jinput-platform-2.0.5-natives-osx.jar appears to be missing an mcmod.info file
[16:20:42] [Client thread/DEBUG] [FML/]: Examining file lwjgl-platform-2.9.1-natives-windows.jar for potential mods
[16:20:42] [Client thread/DEBUG] [FML/]: The mod container lwjgl-platform-2.9.1-natives-windows.jar appears to be missing an mcmod.info file
[16:20:42] [Client thread/DEBUG] [FML/]: Examining file lwjgl-platform-2.9.1-natives-linux.jar for potential mods
[16:20:42] [Client thread/DEBUG] [FML/]: The mod container lwjgl-platform-2.9.1-natives-linux.jar appears to be missing an mcmod.info file
[16:20:42] [Client thread/DEBUG] [FML/]: Examining file lwjgl-platform-2.9.1-natives-osx.jar for potential mods
[16:20:42] [Client thread/DEBUG] [FML/]: The mod container lwjgl-platform-2.9.1-natives-osx.jar appears to be missing an mcmod.info file
[16:20:42] [Client thread/DEBUG] [FML/]: Examining file twitch-platform-5.16-natives-windows-32.jar for potential mods
[16:20:42] [Client thread/DEBUG] [FML/]: The mod container twitch-platform-5.16-natives-windows-32.jar appears to be missing an mcmod.info file
[16:20:42] [Client thread/DEBUG] [FML/]: Examining file twitch-platform-5.16-natives-windows-64.jar for potential mods
[16:20:42] [Client thread/DEBUG] [FML/]: The mod container twitch-platform-5.16-natives-windows-64.jar appears to be missing an mcmod.info file
[16:20:42] [Client thread/DEBUG] [FML/]: Examining file twitch-platform-5.16-natives-osx.jar for potential mods
[16:20:42] [Client thread/DEBUG] [FML/]: The mod container twitch-platform-5.16-natives-osx.jar appears to be missing an mcmod.info file
[16:20:42] [Client thread/DEBUG] [FML/]: Examining file twitch-external-platform-4.5-natives-windows-32.jar for potential mods
[16:20:42] [Client thread/DEBUG] [FML/]: The mod container twitch-external-platform-4.5-natives-windows-32.jar appears to be missing an mcmod.info file
[16:20:42] [Client thread/DEBUG] [FML/]: Examining file twitch-external-platform-4.5-natives-windows-64.jar for potential mods
[16:20:42] [Client thread/DEBUG] [FML/]: The mod container twitch-external-platform-4.5-natives-windows-64.jar appears to be missing an mcmod.info file
[16:20:42] [Client thread/DEBUG] [FML/]: Examining file divinerpg-1.4.2.jar for potential mods
[16:20:42] [Client thread/TRACE] [FML/]: Located mcmod.info file in file divinerpg-1.4.2.jar
[16:20:42] [Client thread/DEBUG] [FML/]: Identified a mod of type Lcpw/mods/fml/common/Mod; (net.divinerpg.DivineRPG) - loading
[16:20:42] [Client thread/TRACE] [divinerpg/]: Parsed dependency info : [] [] []
[16:20:42] [Client thread/INFO] [FML/]: Forge Mod Loader has identified 4 mods to load
[16:20:42] [Client thread/TRACE] [FML/]: Received a system property request ''
[16:20:42] [Client thread/TRACE] [FML/]: System property request managing the state of 0 mods
[16:20:42] [Client thread/DEBUG] [FML/]: After merging, found state information for 0 mods
[16:20:42] [Client thread/DEBUG] [FML/]: Found translations in forgeSrc-1.7.10-10.13.4.1614-1.7.10.jar [en_US, af_ZA, ar_SA, br_FR, ca_ES, cs_CZ, da_DK, de_DE, el_GR, en_US, es_ES, fa_IR, fi_FI, fr_FR, he_IL, hu_HU, it_IT, ja_JP, ko_KR, lt_LT, nb_NO, nl_NL, nn_NO, no_NO, pl_PL, pt_BR, pt_PT, ro_RO, ru_RU, sl_SI, sr_SP, sv_SE, tr_TR, uk_UA, vi_VN, zh_CN, zh_TW, en_US]
[16:20:42] [Client thread/DEBUG] [FML/]: Found translations in forgeSrc-1.7.10-10.13.4.1614-1.7.10.jar [en_US, af_ZA, ar_SA, br_FR, ca_ES, cs_CZ, da_DK, de_DE, el_GR, en_US, es_ES, fa_IR, fi_FI, fr_FR, he_IL, hu_HU, it_IT, ja_JP, ko_KR, lt_LT, nb_NO, nl_NL, nn_NO, no_NO, pl_PL, pt_BR, pt_PT, ro_RO, ru_RU, sl_SI, sr_SP, sv_SE, tr_TR, uk_UA, vi_VN, zh_CN, zh_TW, en_US]
[16:20:42] [Client thread/DEBUG] [divinerpg/]: Enabling mod divinerpg
[16:20:42] [Client thread/DEBUG] [FML/]: Found translations in divinerpg-1.4.2.jar [de_DE, en_US, pt_BR, ru_RU, zh_CN]
[16:20:42] [Client thread/TRACE] [FML/]: Verifying mod requirements are satisfied
[16:20:42] [Client thread/TRACE] [FML/]: All mod requirements are satisfied
[16:20:42] [Client thread/TRACE] [FML/]: Sorting mods into an ordered list
[16:20:42] [Client thread/TRACE] [FML/]: Mod sorting completed successfully
[16:20:42] [Client thread/DEBUG] [FML/]: Mod sorting data
[16:20:42] [Client thread/DEBUG] [FML/]: 	divinerpg(DivineRPG:1.4.2): divinerpg-1.4.2.jar ()
[16:20:42] [Client thread/TRACE] [mcp/mcp]: Sending event FMLConstructionEvent to mod mcp
[16:20:42] [Client thread/TRACE] [mcp/mcp]: Sent event FMLConstructionEvent to mod mcp
[16:20:42] [Client thread/DEBUG] [FML/]: Bar Step: Construction - Minecraft Coder Pack took 0.002s
[16:20:42] [Client thread/TRACE] [FML/FML]: Sending event FMLConstructionEvent to mod FML
[16:20:42] [Client thread/TRACE] [FML/FML]: Mod FML is using network checker : Invoking method checkModLists
[16:20:42] [Client thread/TRACE] [FML/FML]: Testing mod FML to verify it accepts its own version in a remote connection
[16:20:42] [Client thread/TRACE] [FML/FML]: The mod FML accepts its own version (7.10.99.99)
[16:20:42] [Client thread/INFO] [FML/FML]: Attempting connection with missing mods [mcp, FML, Forge, divinerpg] at CLIENT
[16:20:42] [Client thread/INFO] [FML/FML]: Attempting connection with missing mods [mcp, FML, Forge, divinerpg] at SERVER
[16:20:43] [Client thread/TRACE] [FML/FML]: Sent event FMLConstructionEvent to mod FML
[16:20:43] [Client thread/DEBUG] [FML/]: Bar Step: Construction - Forge Mod Loader took 0.191s
[16:20:43] [Client thread/TRACE] [Forge/Forge]: Sending event FMLConstructionEvent to mod Forge
[16:20:43] [Client thread/TRACE] [FML/Forge]: Mod Forge is using network checker : No network checking performed
[16:20:43] [Client thread/TRACE] [FML/Forge]: Testing mod Forge to verify it accepts its own version in a remote connection
[16:20:43] [Client thread/TRACE] [FML/Forge]: The mod Forge accepts its own version (10.13.4.1614)
[16:20:43] [Client thread/TRACE] [Forge/Forge]: Sent event FMLConstructionEvent to mod Forge
[16:20:43] [Client thread/DEBUG] [FML/]: Bar Step: Construction - Minecraft Forge took 0.007s
[16:20:43] [Client thread/TRACE] [divinerpg/divinerpg]: Sending event FMLConstructionEvent to mod divinerpg
[16:20:43] [Client thread/TRACE] [FML/divinerpg]: Mod divinerpg is using network checker : Accepting version 1.4.2
[16:20:43] [Client thread/TRACE] [FML/divinerpg]: Testing mod divinerpg to verify it accepts its own version in a remote connection
[16:20:43] [Client thread/TRACE] [FML/divinerpg]: The mod divinerpg accepts its own version (1.4.2)
[16:20:43] [Client thread/DEBUG] [FML/divinerpg]: Attempting to inject @SidedProxy classes into divinerpg
[16:20:43] [Client thread/TRACE] [divinerpg/divinerpg]: Sent event FMLConstructionEvent to mod divinerpg
[16:20:43] [Client thread/DEBUG] [FML/]: Bar Step: Construction - DivineRPG took 0.034s
[16:20:43] [Client thread/DEBUG] [FML/]: Bar Finished: Construction took 0.234s
[16:20:43] [Client thread/DEBUG] [FML/]: Mod signature data
[16:20:43] [Client thread/DEBUG] [FML/]:  	Valid Signatures:
[16:20:43] [Client thread/DEBUG] [FML/]:  	Missing Signatures:
[16:20:43] [Client thread/DEBUG] [FML/]: 		mcp	(Minecraft Coder Pack	9.05)	minecraft.jar
[16:20:43] [Client thread/DEBUG] [FML/]: 		FML	(Forge Mod Loader	7.10.99.99)	forgeSrc-1.7.10-10.13.4.1614-1.7.10.jar
[16:20:43] [Client thread/DEBUG] [FML/]: 		Forge	(Minecraft Forge	10.13.4.1614)	forgeSrc-1.7.10-10.13.4.1614-1.7.10.jar
[16:20:43] [Client thread/DEBUG] [FML/]: 		divinerpg	(DivineRPG	1.4.2)	divinerpg-1.4.2.jar
[16:20:43] [Client thread/DEBUG] [FML/]: Bar Step: Loading Resources - Default took 0.004s
[16:20:43] [Client thread/DEBUG] [FML/]: Bar Step: Loading Resources - FMLFileResourcePack:Forge Mod Loader took 0.003s
[16:20:43] [Client thread/DEBUG] [FML/]: Bar Step: Loading Resources - FMLFileResourcePack:Minecraft Forge took 0.005s
[16:20:43] [Client thread/DEBUG] [FML/]: Bar Step: Loading Resources - FMLFileResourcePack:DivineRPG took 0.002s
[16:20:43] [Client thread/DEBUG] [FML/]: Bar Finished: Reloading - LanguageManager took 0.013s
[16:20:43] [Client thread/DEBUG] [FML/]: Bar Step: Loading Resources - Reloading listeners took 0.013s
[16:20:43] [Client thread/DEBUG] [FML/]: Bar Finished: Loading Resources took 0.027s
[16:20:43] [Client thread/DEBUG] [Forge Mod Loader/]: Mod Forge Mod Loader is missing a pack.mcmeta file, substituting a dummy one
[16:20:43] [Client thread/DEBUG] [Minecraft Forge/]: Mod Minecraft Forge is missing a pack.mcmeta file, substituting a dummy one
[16:20:43] [Client thread/DEBUG] [DivineRPG/]: Mod DivineRPG is missing a pack.mcmeta file, substituting a dummy one
[16:20:43] [Client thread/INFO] [FML/]: Processing ObjectHolder annotations
[16:20:43] [Client thread/INFO] [FML/]: Found 341 ObjectHolder annotations
[16:20:43] [Client thread/INFO] [FML/]: Identifying ItemStackHolder annotations
[16:20:43] [Client thread/INFO] [FML/]: Found 0 ItemStackHolder annotations
[16:20:43] [Client thread/TRACE] [mcp/mcp]: Sending event FMLPreInitializationEvent to mod mcp
[16:20:43] [Client thread/TRACE] [mcp/mcp]: Sent event FMLPreInitializationEvent to mod mcp
[16:20:43] [Client thread/DEBUG] [FML/]: Bar Step: PreInitialization - Minecraft Coder Pack took 0.000s
[16:20:43] [Client thread/TRACE] [FML/FML]: Sending event FMLPreInitializationEvent to mod FML
[16:20:43] [Client thread/TRACE] [FML/FML]: Sent event FMLPreInitializationEvent to mod FML
[16:20:43] [Client thread/DEBUG] [FML/]: Bar Step: PreInitialization - Forge Mod Loader took 0.000s
[16:20:43] [Client thread/TRACE] [Forge/Forge]: Sending event FMLPreInitializationEvent to mod Forge
[16:20:43] [Client thread/INFO] [FML/Forge]: Configured a dormant chunk cache size of 0
[16:20:43] [Client thread/TRACE] [Forge/Forge]: Sent event FMLPreInitializationEvent to mod Forge
[16:20:43] [Client thread/DEBUG] [FML/]: Bar Step: PreInitialization - Minecraft Forge took 0.017s
[16:20:43] [Client thread/TRACE] [divinerpg/divinerpg]: Sending event FMLPreInitializationEvent to mod divinerpg
[16:20:43] [Client thread/INFO] [DivineRPG/divinerpg]: Loading DivineRPG...
[16:20:43] [Forge Version Check/INFO] [STDERR/Forge]: [java.lang.Throwable$WrappedPrintStream:println:749]: com.google.gson.JsonSyntaxException: java.lang.IllegalStateException: Expected BEGIN_OBJECT but was STRING at line 1 column 1
[16:20:43] [Forge Version Check/INFO] [STDERR/Forge]: [java.lang.Throwable$WrappedPrintStream:println:749]: 	at com.google.gson.Gson.fromJson(Gson.java:815)
[16:20:43] [Forge Version Check/INFO] [STDERR/Forge]: [java.lang.Throwable$WrappedPrintStream:println:749]: 	at com.google.gson.Gson.fromJson(Gson.java:768)
[16:20:43] [Forge Version Check/INFO] [STDERR/Forge]: [java.lang.Throwable$WrappedPrintStream:println:749]: 	at com.google.gson.Gson.fromJson(Gson.java:717)
[16:20:43] [Forge Version Check/INFO] [STDERR/Forge]: [java.lang.Throwable$WrappedPrintStream:println:749]: 	at com.google.gson.Gson.fromJson(Gson.java:689)
[16:20:43] [Forge Version Check/INFO] [STDERR/Forge]: [java.lang.Throwable$WrappedPrintStream:println:749]: 	at net.minecraftforge.common.ForgeVersion$1.run(ForgeVersion.java:94)
[16:20:43] [Forge Version Check/INFO] [STDERR/Forge]: [java.lang.Throwable$WrappedPrintStream:println:749]: Caused by: java.lang.IllegalStateException: Expected BEGIN_OBJECT but was STRING at line 1 column 1
[16:20:43] [Forge Version Check/INFO] [STDERR/Forge]: [java.lang.Throwable$WrappedPrintStream:println:749]: 	at com.google.gson.stream.JsonReader.beginObject(JsonReader.java:374)
[16:20:43] [Forge Version Check/INFO] [STDERR/Forge]: [java.lang.Throwable$WrappedPrintStream:println:749]: 	at com.google.gson.internal.bind.MapTypeAdapterFactory$Adapter.read(MapTypeAdapterFactory.java:183)
[16:20:43] [Forge Version Check/INFO] [STDERR/Forge]: [java.lang.Throwable$WrappedPrintStream:println:749]: 	at com.google.gson.internal.bind.MapTypeAdapterFactory$Adapter.read(MapTypeAdapterFactory.java:145)
[16:20:43] [Forge Version Check/INFO] [STDERR/Forge]: [java.lang.Throwable$WrappedPrintStream:println:749]: 	at com.google.gson.Gson.fromJson(Gson.java:803)
[16:20:43] [Forge Version Check/INFO] [STDERR/Forge]: [java.lang.Throwable$WrappedPrintStream:println:749]: 	... 4 more
[16:20:43] [Client thread/TRACE] [FML/divinerpg]: Automatically registered mod divinerpg entity VileStormProjectile as divinerpg.VileStormProjectile
[16:20:43] [Client thread/TRACE] [FML/divinerpg]: Automatically registered mod divinerpg entity DeathProjectile as divinerpg.DeathProjectile
[16:20:43] [Client thread/TRACE] [FML/divinerpg]: Automatically registered mod divinerpg entity KOSShotProjectile as divinerpg.KOSShotProjectile
[16:20:43] [Client thread/TRACE] [FML/divinerpg]: Automatically registered mod divinerpg entity KOSMeteorProjectile as divinerpg.KOSMeteorProjectile
[16:20:43] [Client thread/TRACE] [FML/divinerpg]: Automatically registered mod divinerpg entity CaveRockProjectile as divinerpg.CaveRockProjectile
[16:20:43] [Client thread/TRACE] [FML/divinerpg]: Automatically registered mod divinerpg entity WatcherShotProjectile as divinerpg.WatcherShotProjectile
[16:20:43] [Client thread/TRACE] [FML/divinerpg]: Automatically registered mod divinerpg entity FrostShotProjectile as divinerpg.FrostShotProjectile
[16:20:43] [Client thread/TRACE] [FML/divinerpg]: Automatically registered mod divinerpg entity ScorcherShotProjectile as divinerpg.ScorcherShotProjectile
[16:20:43] [Client thread/TRACE] [FML/divinerpg]: Automatically registered mod divinerpg entity CorruptedBulletProjectile as divinerpg.CorruptedBulletProjectile
[16:20:43] [Client thread/TRACE] [FML/divinerpg]: Automatically registered mod divinerpg entity DivineArrowProjectile as divinerpg.DivineArrowProjectile
[16:20:43] [Client thread/TRACE] [FML/divinerpg]: Automatically registered mod divinerpg entity TripletFireballProjectile as divinerpg.TripletFireballProjectile
[16:20:43] [Client thread/TRACE] [FML/divinerpg]: Automatically registered mod divinerpg entity BulletProjectile as divinerpg.BulletProjectile
[16:20:43] [Client thread/TRACE] [FML/divinerpg]: Automatically registered mod divinerpg entity SaguaroWormProjectile as divinerpg.SaguaroWormProjectile
[16:20:43] [Client thread/TRACE] [FML/divinerpg]: Automatically registered mod divinerpg entity EnderWatcher as divinerpg.EnderWatcher
[16:20:43] [Client thread/TRACE] [FML/divinerpg]: Automatically registered mod divinerpg entity Crab as divinerpg.Crab
[16:20:43] [Client thread/TRACE] [FML/divinerpg]: Automatically registered mod divinerpg entity UndeadMiner as divinerpg.UndeadMiner
[16:20:43] [Client thread/TRACE] [FML/divinerpg]: Automatically registered mod divinerpg entity KingCrab as divinerpg.KingCrab
[16:20:43] [Client thread/TRACE] [FML/divinerpg]: Automatically registered mod divinerpg entity DesertCrawler as divinerpg.DesertCrawler
[16:20:43] [Client thread/TRACE] [FML/divinerpg]: Automatically registered mod divinerpg entity CaveCrawler as divinerpg.CaveCrawler
[16:20:43] [Client thread/TRACE] [FML/divinerpg]: Automatically registered mod divinerpg entity JungleDramcryx as divinerpg.JungleDramcryx
[16:20:43] [Client thread/TRACE] [FML/divinerpg]: Automatically registered mod divinerpg entity JungleSpider as divinerpg.JungleSpider
[16:20:43] [Client thread/TRACE] [FML/divinerpg]: Automatically registered mod divinerpg entity Cyclops as divinerpg.Cyclops
[16:20:43] [Client thread/TRACE] [FML/divinerpg]: Automatically registered mod divinerpg entity Caveclops as divinerpg.Caveclops
[16:20:43] [Client thread/TRACE] [FML/divinerpg]: Automatically registered mod divinerpg entity AncientEntity as divinerpg.AncientEntity
[16:20:43] [Client thread/TRACE] [FML/divinerpg]: Automatically registered mod divinerpg entity Whale as divinerpg.Whale
[16:20:43] [Client thread/TRACE] [FML/divinerpg]: Automatically registered mod divinerpg entity HellSpider as divinerpg.HellSpider
[16:20:43] [Client thread/TRACE] [FML/divinerpg]: Automatically registered mod divinerpg entity Scorcher as divinerpg.Scorcher
[16:20:43] [Client thread/TRACE] [FML/divinerpg]: Automatically registered mod divinerpg entity EnderSpider as divinerpg.EnderSpider
[16:20:43] [Client thread/TRACE] [FML/divinerpg]: Automatically registered mod divinerpg entity EnderTriplets as divinerpg.EnderTriplets
[16:20:43] [Client thread/TRACE] [FML/divinerpg]: Automatically registered mod divinerpg entity AridWarrior as divinerpg.AridWarrior
[16:20:43] [Client thread/TRACE] [FML/divinerpg]: Automatically registered mod divinerpg entity AyeracoBlue as divinerpg.AyeracoBlue
[16:20:43] [Client thread/TRACE] [FML/divinerpg]: Automatically registered mod divinerpg entity AyeracoGreen as divinerpg.AyeracoGreen
[16:20:43] [Client thread/TRACE] [FML/divinerpg]: Automatically registered mod divinerpg entity AyeracoPurple as divinerpg.AyeracoPurple
[16:20:43] [Client thread/TRACE] [FML/divinerpg]: Automatically registered mod divinerpg entity AyeracoRed as divinerpg.AyeracoRed
[16:20:43] [Client thread/TRACE] [FML/divinerpg]: Automatically registered mod divinerpg entity AyeracoYellow as divinerpg.AyeracoYellow
[16:20:43] [Client thread/TRACE] [FML/divinerpg]: Automatically registered mod divinerpg entity EnthralledDramcryx as divinerpg.EnthralledDramcryx
[16:20:43] [Client thread/TRACE] [FML/divinerpg]: Automatically registered mod divinerpg entity TheEye as divinerpg.TheEye
[16:20:43] [Client thread/TRACE] [FML/divinerpg]: Automatically registered mod divinerpg entity Frost as divinerpg.Frost
[16:20:43] [Client thread/TRACE] [FML/divinerpg]: Automatically registered mod divinerpg entity KingOfScorchers as divinerpg.KingOfScorchers
[16:20:43] [Client thread/TRACE] [FML/divinerpg]: Automatically registered mod divinerpg entity Rainbour as divinerpg.Rainbour
[16:20:43] [Client thread/TRACE] [FML/divinerpg]: Automatically registered mod divinerpg entity Rotatick as divinerpg.Rotatick
[16:20:43] [Client thread/TRACE] [FML/divinerpg]: Automatically registered mod divinerpg entity Shark as divinerpg.Shark
[16:20:43] [Client thread/TRACE] [FML/divinerpg]: Automatically registered mod divinerpg entity TheWatcher as divinerpg.TheWatcher
[16:20:43] [Client thread/TRACE] [FML/divinerpg]: Automatically registered mod divinerpg entity Wildfire as divinerpg.Wildfire
[16:20:43] [Client thread/TRACE] [FML/divinerpg]: Automatically registered mod divinerpg entity Glacon as divinerpg.Glacon
[16:20:43] [Client thread/TRACE] [FML/divinerpg]: Automatically registered mod divinerpg entity JackOMan as divinerpg.JackOMan
[16:20:43] [Client thread/TRACE] [FML/divinerpg]: Automatically registered mod divinerpg entity LivestockMerchant as divinerpg.LivestockMerchant
[16:20:43] [Client thread/TRACE] [FML/divinerpg]: Automatically registered mod divinerpg entity JungleBat as divinerpg.JungleBat
[16:20:43] [Client thread/TRACE] [FML/divinerpg]: Automatically registered mod divinerpg entity HellPig as divinerpg.HellPig
[16:20:43] [Client thread/TRACE] [FML/divinerpg]: Automatically registered mod divinerpg entity Kobblin as divinerpg.Kobblin
[16:20:43] [Client thread/TRACE] [FML/divinerpg]: Automatically registered mod divinerpg entity TheGrue as divinerpg.TheGrue
[16:20:43] [Client thread/TRACE] [FML/divinerpg]: Automatically registered mod divinerpg entity SaguaroWorm as divinerpg.SaguaroWorm
[16:20:43] [Client thread/TRACE] [FML/divinerpg]: Automatically registered mod divinerpg entity PumpkinSpider as divinerpg.PumpkinSpider
[16:20:43] [Client thread/TRACE] [FML/divinerpg]: Automatically registered mod divinerpg entity Liopleurodon as divinerpg.Liopleurodon
[16:20:43] [Client thread/TRACE] [FML/divinerpg]: Automatically registered mod divinerpg entity Ehu as divinerpg.Ehu
[16:20:43] [Client thread/TRACE] [FML/divinerpg]: Automatically registered mod divinerpg entity Husk as divinerpg.Husk
[16:20:43] [Client thread/TRACE] [FML/divinerpg]: Automatically registered mod divinerpg entity StoneGolem as divinerpg.StoneGolem
[16:20:43] [Client thread/TRACE] [FML/divinerpg]: Automatically registered mod divinerpg entity Smelter as divinerpg.Smelter
[16:20:43] [Client thread/TRACE] [FML/divinerpg]: Automatically registered mod divinerpg entity Grizzle as divinerpg.Grizzle
[16:20:43] [Client thread/TRACE] [FML/divinerpg]: Automatically registered mod divinerpg entity Snapper as divinerpg.Snapper
[16:20:43] [Client thread/TRACE] [FML/divinerpg]: Automatically registered mod divinerpg entity WeakCoriShotProjectile as divinerpg.WeakCoriShotProjectile
[16:20:43] [Client thread/TRACE] [FML/divinerpg]: Automatically registered mod divinerpg entity ParticleBulletProjectile as divinerpg.ParticleBulletProjectile
[16:20:43] [Client thread/TRACE] [FML/divinerpg]: Automatically registered mod divinerpg entity TwilightDemonShotProjectile as divinerpg.TwilightDemonShotProjectile
[16:20:43] [Client thread/TRACE] [FML/divinerpg]: Automatically registered mod divinerpg entity SoulFiendShotProjectile as divinerpg.SoulFiendShotProjectile
[16:20:43] [Client thread/TRACE] [FML/divinerpg]: Automatically registered mod divinerpg entity TwilightMageShotProjectile as divinerpg.TwilightMageShotProjectile
[16:20:43] [Client thread/TRACE] [FML/divinerpg]: Automatically registered mod divinerpg entity EdenCadillion as divinerpg.EdenCadillion
[16:20:43] [Client thread/TRACE] [FML/divinerpg]: Automatically registered mod divinerpg entity EdenTomo as divinerpg.EdenTomo
[16:20:43] [Client thread/TRACE] [FML/divinerpg]: Automatically registered mod divinerpg entity Bunny as divinerpg.Bunny
[16:20:43] [Client thread/TRACE] [FML/divinerpg]: Automatically registered mod divinerpg entity AngryBunny as divinerpg.AngryBunny
[16:20:43] [Client thread/TRACE] [FML/divinerpg]: Automatically registered mod divinerpg entity WeakCori as divinerpg.WeakCori
[16:20:43] [Client thread/TRACE] [FML/divinerpg]: Automatically registered mod divinerpg entity Madivel as divinerpg.Madivel
[16:20:43] [Client thread/TRACE] [FML/divinerpg]: Automatically registered mod divinerpg entity Greenfeet as divinerpg.Greenfeet
[16:20:43] [Client thread/TRACE] [FML/divinerpg]: Automatically registered mod divinerpg entity SunArcher as divinerpg.SunArcher
[16:20:43] [Client thread/TRACE] [FML/divinerpg]: Automatically registered mod divinerpg entity WildwoodGolem as divinerpg.WildwoodGolem
[16:20:43] [Client thread/TRACE] [FML/divinerpg]: Automatically registered mod divinerpg entity WildwoodTomo as divinerpg.WildwoodTomo
[16:20:43] [Client thread/TRACE] [FML/divinerpg]: Automatically registered mod divinerpg entity WildwoodCadillion as divinerpg.WildwoodCadillion
[16:20:43] [Client thread/TRACE] [FML/divinerpg]: Automatically registered mod divinerpg entity Epiphite as divinerpg.Epiphite
[16:20:43] [Client thread/TRACE] [FML/divinerpg]: Automatically registered mod divinerpg entity Behemoth as divinerpg.Behemoth
[16:20:43] [Client thread/TRACE] [FML/divinerpg]: Automatically registered mod divinerpg entity Mage as divinerpg.Mage
[16:20:43] [Client thread/TRACE] [FML/divinerpg]: Automatically registered mod divinerpg entity Spellbinder as divinerpg.Spellbinder
[16:20:43] [Client thread/TRACE] [FML/divinerpg]: Automatically registered mod divinerpg entity Mystic as divinerpg.Mystic
[16:20:43] [Client thread/TRACE] [FML/divinerpg]: Automatically registered mod divinerpg entity Sorcerer as divinerpg.Sorcerer
[16:20:43] [Client thread/TRACE] [FML/divinerpg]: Automatically registered mod divinerpg entity Verek as divinerpg.Verek
[16:20:43] [Client thread/TRACE] [FML/divinerpg]: Automatically registered mod divinerpg entity MoonWolf as divinerpg.MoonWolf
[16:20:43] [Client thread/TRACE] [FML/divinerpg]: Automatically registered mod divinerpg entity ApalachiaCadillion as divinerpg.ApalachiaCadillion
[16:20:43] [Client thread/TRACE] [FML/divinerpg]: Automatically registered mod divinerpg entity ApalachiaTomo as divinerpg.ApalachiaTomo
[16:20:43] [Client thread/TRACE] [FML/divinerpg]: Automatically registered mod divinerpg entity ApalachiaGolem as divinerpg.ApalachiaGolem
[16:20:43] [Client thread/TRACE] [FML/divinerpg]: Automatically registered mod divinerpg entity EnchantedWarrior as divinerpg.EnchantedWarrior
[16:20:43] [Client thread/TRACE] [FML/divinerpg]: Automatically registered mod divinerpg entity SkythernArcher as divinerpg.SkythernArcher
[16:20:43] [Client thread/TRACE] [FML/divinerpg]: Automatically registered mod divinerpg entity EnchantedArcher as divinerpg.EnchantedArcher
[16:20:43] [Client thread/TRACE] [FML/divinerpg]: Automatically registered mod divinerpg entity TwilightArcher as divinerpg.TwilightArcher
[16:20:43] [Client thread/TRACE] [FML/divinerpg]: Automatically registered mod divinerpg entity Samek as divinerpg.Samek
[16:20:43] [Client thread/TRACE] [FML/divinerpg]: Automatically registered mod divinerpg entity SkythernGolem as divinerpg.SkythernGolem
[16:20:43] [Client thread/TRACE] [FML/divinerpg]: Automatically registered mod divinerpg entity SkythernCori as divinerpg.SkythernCori
[16:20:43] [Client thread/TRACE] [FML/divinerpg]: Automatically registered mod divinerpg entity SkythernFiend as divinerpg.SkythernFiend
[16:20:43] [Client thread/TRACE] [FML/divinerpg]: Automatically registered mod divinerpg entity Megalith as divinerpg.Megalith
[16:20:43] [Client thread/TRACE] [FML/divinerpg]: Automatically registered mod divinerpg entity MortumCadillion as divinerpg.MortumCadillion
[16:20:43] [Client thread/TRACE] [FML/divinerpg]: Automatically registered mod divinerpg entity DemonOfDarkness as divinerpg.DemonOfDarkness
[16:20:43] [Client thread/TRACE] [FML/divinerpg]: Automatically registered mod divinerpg entity Baslisk as divinerpg.Baslisk
[16:20:43] [Client thread/TRACE] [FML/divinerpg]: Automatically registered mod divinerpg entity SoulStealer as divinerpg.SoulStealer
[16:20:43] [Client thread/TRACE] [FML/divinerpg]: Automatically registered mod divinerpg entity Densos as divinerpg.Densos
[16:20:43] [Client thread/TRACE] [FML/divinerpg]: Automatically registered mod divinerpg entity Reyvor as divinerpg.Reyvor
[16:20:43] [Client thread/TRACE] [FML/divinerpg]: Automatically registered mod divinerpg entity TwilightDemon as divinerpg.TwilightDemon
[16:20:43] [Client thread/TRACE] [FML/divinerpg]: Automatically registered mod divinerpg entity SoulFiend as divinerpg.SoulFiend
[16:20:43] [Client thread/TRACE] [FML/divinerpg]: Automatically registered mod divinerpg entity Vamacheron as divinerpg.Vamacheron
[16:20:43] [Client thread/TRACE] [FML/divinerpg]: Automatically registered mod divinerpg entity Karot as divinerpg.Karot
[16:20:43] [Client thread/TRACE] [FML/divinerpg]: Automatically registered mod divinerpg entity EternalArcher as divinerpg.EternalArcher
[16:20:43] [Client thread/TRACE] [FML/divinerpg]: Automatically registered mod divinerpg entity SoulSpider as divinerpg.SoulSpider
[16:20:43] [Client thread/TRACE] [FML/divinerpg]: Automatically registered mod divinerpg entity CarolProjectile as divinerpg.CarolProjectile
[16:20:43] [Client thread/TRACE] [FML/divinerpg]: Automatically registered mod divinerpg entity MusicProjectile as divinerpg.MusicProjectile
[16:20:43] [Client thread/TRACE] [FML/divinerpg]: Automatically registered mod divinerpg entity SnowflakeShurikenProjectile as divinerpg.SnowflakeShurikenProjectile
[16:20:43] [Client thread/TRACE] [FML/divinerpg]: Automatically registered mod divinerpg entity FractiteShotProjectile as divinerpg.FractiteShotProjectile
[16:20:43] [Client thread/TRACE] [FML/divinerpg]: Automatically registered mod divinerpg entity IceProjectile as divinerpg.IceProjectile
[16:20:43] [Client thread/TRACE] [FML/divinerpg]: Automatically registered mod divinerpg entity Alicanto as divinerpg.Alicanto
[16:20:43] [Client thread/TRACE] [FML/divinerpg]: Automatically registered mod divinerpg entity Fractite as divinerpg.Fractite
[16:20:43] [Client thread/TRACE] [FML/divinerpg]: Automatically registered mod divinerpg entity Glacide as divinerpg.Glacide
[16:20:43] [Client thread/TRACE] [FML/divinerpg]: Automatically registered mod divinerpg entity Hastreus as divinerpg.Hastreus
[16:20:43] [Client thread/TRACE] [FML/divinerpg]: Automatically registered mod divinerpg entity FrostArcher as divinerpg.FrostArcher
[16:20:43] [Client thread/TRACE] [FML/divinerpg]: Automatically registered mod divinerpg entity Rollum as divinerpg.Rollum
[16:20:43] [Client thread/TRACE] [FML/divinerpg]: Automatically registered mod divinerpg entity Frosty as divinerpg.Frosty
[16:20:43] [Client thread/TRACE] [FML/divinerpg]: Automatically registered mod divinerpg entity WorkshopTinkerer as divinerpg.WorkshopTinkerer
[16:20:43] [Client thread/TRACE] [FML/divinerpg]: Automatically registered mod divinerpg entity WorkshopMerchant as divinerpg.WorkshopMerchant
[16:20:43] [Client thread/TRACE] [FML/divinerpg]: Automatically registered mod divinerpg entity AmthirmisDiskProjectile as divinerpg.AmthirmisDiskProjectile
[16:20:43] [Client thread/TRACE] [FML/divinerpg]: Automatically registered mod divinerpg entity ArksianeDiskProjectile as divinerpg.ArksianeDiskProjectile
[16:20:43] [Client thread/TRACE] [FML/divinerpg]: Automatically registered mod divinerpg entity CermileDiskProjectile as divinerpg.CermileDiskProjectile
[16:20:43] [Client thread/TRACE] [FML/divinerpg]: Automatically registered mod divinerpg entity DarvenDiskProjectile as divinerpg.DarvenDiskProjectile
[16:20:43] [Client thread/TRACE] [FML/divinerpg]: Automatically registered mod divinerpg entity HeliosisDiskProjectile as divinerpg.HeliosisDiskProjectile
[16:20:43] [Client thread/TRACE] [FML/divinerpg]: Automatically registered mod divinerpg entity KarosDiskProjectile as divinerpg.KarosDiskProjectile
[16:20:43] [Client thread/TRACE] [FML/divinerpg]: Automatically registered mod divinerpg entity PardimalDiskProjectile as divinerpg.PardimalDiskProjectile
[16:20:43] [Client thread/TRACE] [FML/divinerpg]: Automatically registered mod divinerpg entity QuadroticDiskProjectile as divinerpg.QuadroticDiskProjectile
[16:20:43] [Client thread/TRACE] [FML/divinerpg]: Automatically registered mod divinerpg entity TeakerDiskProjectile as divinerpg.TeakerDiskProjectile
[16:20:43] [Client thread/TRACE] [FML/divinerpg]: Automatically registered mod divinerpg entity StaffProjectile as divinerpg.StaffProjectile
[16:20:43] [Client thread/TRACE] [FML/divinerpg]: Automatically registered mod divinerpg entity EvernightProjectile as divinerpg.EvernightProjectile
[16:20:43] [Client thread/TRACE] [FML/divinerpg]: Automatically registered mod divinerpg entity WreckShotProjectile as divinerpg.WreckShotProjectile
[16:20:43] [Client thread/TRACE] [FML/divinerpg]: Automatically registered mod divinerpg entity CannonEversightProjectile as divinerpg.CannonEversightProjectile
[16:20:43] [Client thread/TRACE] [FML/divinerpg]: Automatically registered mod divinerpg entity EversightProjectile as divinerpg.EversightProjectile
[16:20:43] [Client thread/TRACE] [FML/divinerpg]: Automatically registered mod divinerpg entity DissimentShotProjectile as divinerpg.DissimentShotProjectile
[16:20:43] [Client thread/TRACE] [FML/divinerpg]: Automatically registered mod divinerpg entity KazroticShotProjectile as divinerpg.KazroticShotProjectile
[16:20:43] [Client thread/TRACE] [FML/divinerpg]: Automatically registered mod divinerpg entity MandragoraShotProjectile as divinerpg.MandragoraShotProjectile
[16:20:43] [Client thread/TRACE] [FML/divinerpg]: Automatically registered mod divinerpg entity RaglokBombProjectile as divinerpg.RaglokBombProjectile
[16:20:43] [Client thread/TRACE] [FML/divinerpg]: Automatically registered mod divinerpg entity WreckExplosiveShotProjectile as divinerpg.WreckExplosiveShotProjectile
[16:20:43] [Client thread/TRACE] [FML/divinerpg]: Automatically registered mod divinerpg entity ZoragonBombProjectile as divinerpg.ZoragonBombProjectile
[16:20:43] [Client thread/TRACE] [FML/divinerpg]: Automatically registered mod divinerpg entity WreckBouncingProjectile as divinerpg.WreckBouncingProjectile
[16:20:43] [Client thread/TRACE] [FML/divinerpg]: Automatically registered mod divinerpg entity LadyLunaSparklerProjectile as divinerpg.LadyLunaSparklerProjectile
[16:20:43] [Client thread/TRACE] [FML/divinerpg]: Automatically registered mod divinerpg entity Vermenous as divinerpg.Vermenous
[16:20:43] [Client thread/TRACE] [FML/divinerpg]: Automatically registered mod divinerpg entity Ent as divinerpg.Ent
[16:20:43] [Client thread/TRACE] [FML/divinerpg]: Automatically registered mod divinerpg entity Cymesoid as divinerpg.Cymesoid
[16:20:43] [Client thread/TRACE] [FML/divinerpg]: Automatically registered mod divinerpg entity Dreamwrecker as divinerpg.Dreamwrecker
[16:20:43] [Client thread/TRACE] [FML/divinerpg]: Automatically registered mod divinerpg entity Tocaxin as divinerpg.Tocaxin
[16:20:43] [Client thread/TRACE] [FML/divinerpg]: Automatically registered mod divinerpg entity Shadahier as divinerpg.Shadahier
[16:20:43] [Client thread/TRACE] [FML/divinerpg]: Automatically registered mod divinerpg entity AcidHag as divinerpg.AcidHag
[16:20:43] [Client thread/TRACE] [FML/divinerpg]: Automatically registered mod divinerpg entity Kazrotic as divinerpg.Kazrotic
[16:20:43] [Client thread/TRACE] [FML/divinerpg]: Automatically registered mod divinerpg entity Helio as divinerpg.Helio
[16:20:43] [Client thread/TRACE] [FML/divinerpg]: Automatically registered mod divinerpg entity Gorgosion as divinerpg.Gorgosion
[16:20:43] [Client thread/TRACE] [FML/divinerpg]: Automatically registered mod divinerpg entity Hoverstinger as divinerpg.Hoverstinger
[16:20:43] [Client thread/TRACE] [FML/divinerpg]: Automatically registered mod divinerpg entity Zone as divinerpg.Zone
[16:20:43] [Client thread/TRACE] [FML/divinerpg]: Automatically registered mod divinerpg entity Zoragon as divinerpg.Zoragon
[16:20:43] [Client thread/TRACE] [FML/divinerpg]: Automatically registered mod divinerpg entity Dissiment as divinerpg.Dissiment
[16:20:43] [Client thread/TRACE] [FML/divinerpg]: Automatically registered mod divinerpg entity Vhraak as divinerpg.Vhraak
[16:20:43] [Client thread/TRACE] [FML/divinerpg]: Automatically registered mod divinerpg entity Galroid as divinerpg.Galroid
[16:20:43] [Client thread/TRACE] [FML/divinerpg]: Automatically registered mod divinerpg entity LadyLuna as divinerpg.LadyLuna
[16:20:43] [Client thread/TRACE] [FML/divinerpg]: Automatically registered mod divinerpg entity Bohemite as divinerpg.Bohemite
[16:20:43] [Client thread/TRACE] [FML/divinerpg]: Automatically registered mod divinerpg entity Wreck as divinerpg.Wreck
[16:20:43] [Client thread/TRACE] [FML/divinerpg]: Automatically registered mod divinerpg entity Biphron as divinerpg.Biphron
[16:20:43] [Client thread/TRACE] [FML/divinerpg]: Automatically registered mod divinerpg entity HiveQueen as divinerpg.HiveQueen
[16:20:43] [Client thread/TRACE] [FML/divinerpg]: Automatically registered mod divinerpg entity HiveSoldier as divinerpg.HiveSoldier
[16:20:43] [Client thread/TRACE] [FML/divinerpg]: Automatically registered mod divinerpg entity LHeiva as divinerpg.LHeiva
[16:20:43] [Client thread/TRACE] [FML/divinerpg]: Automatically registered mod divinerpg entity Mandragora as divinerpg.Mandragora
[16:20:43] [Client thread/TRACE] [FML/divinerpg]: Automatically registered mod divinerpg entity Twins as divinerpg.Twins
[16:20:43] [Client thread/TRACE] [FML/divinerpg]: Automatically registered mod divinerpg entity Karos as divinerpg.Karos
[16:20:43] [Client thread/TRACE] [FML/divinerpg]: Automatically registered mod divinerpg entity Raglok as divinerpg.Raglok
[16:20:43] [Client thread/TRACE] [FML/divinerpg]: Automatically registered mod divinerpg entity Quadro as divinerpg.Quadro
[16:20:43] [Client thread/TRACE] [FML/divinerpg]: Automatically registered mod divinerpg entity Duo as divinerpg.Duo
[16:20:43] [Client thread/TRACE] [FML/divinerpg]: Automatically registered mod divinerpg entity Lorga as divinerpg.Lorga
[16:20:43] [Client thread/TRACE] [FML/divinerpg]: Automatically registered mod divinerpg entity LorgaFlight as divinerpg.LorgaFlight
[16:20:43] [Client thread/TRACE] [FML/divinerpg]: Automatically registered mod divinerpg entity MysteriousMan1 as divinerpg.MysteriousMan1
[16:20:43] [Client thread/TRACE] [FML/divinerpg]: Automatically registered mod divinerpg entity MysteriousMan2 as divinerpg.MysteriousMan2
[16:20:43] [Client thread/TRACE] [FML/divinerpg]: Automatically registered mod divinerpg entity MysteriousMan3 as divinerpg.MysteriousMan3
[16:20:43] [Client thread/TRACE] [FML/divinerpg]: Automatically registered mod divinerpg entity TheHunger as divinerpg.TheHunger
[16:20:43] [Client thread/TRACE] [FML/divinerpg]: Automatically registered mod divinerpg entity CryptKeeper as divinerpg.CryptKeeper
[16:20:43] [Client thread/TRACE] [FML/divinerpg]: Automatically registered mod divinerpg entity TempleGuardian as divinerpg.TempleGuardian
[16:20:43] [Client thread/TRACE] [FML/divinerpg]: Automatically registered mod divinerpg entity StarProjectile as divinerpg.StarProjectile
[16:20:43] [Client thread/TRACE] [FML/divinerpg]: Automatically registered mod divinerpg entity SparklerProjectile as divinerpg.SparklerProjectile
[16:20:43] [Client thread/TRACE] [FML/divinerpg]: Automatically registered mod divinerpg entity FireflyProjectile as divinerpg.FireflyProjectile
[16:20:43] [Client thread/TRACE] [FML/divinerpg]: Automatically registered mod divinerpg entity FyracryxFireballProjectile as divinerpg.FyracryxFireballProjectile
[16:20:43] [Client thread/TRACE] [FML/divinerpg]: Automatically registered mod divinerpg entity GrenadeProjectile as divinerpg.GrenadeProjectile
[16:20:43] [Client thread/TRACE] [FML/divinerpg]: Automatically registered mod divinerpg entity LamonaProjectile as divinerpg.LamonaProjectile
[16:20:43] [Client thread/TRACE] [FML/divinerpg]: Automatically registered mod divinerpg entity LivingStatueArrowProjectile as divinerpg.LivingStatueArrowProjectile
[16:20:43] [Client thread/TRACE] [FML/divinerpg]: Automatically registered mod divinerpg entity MeriksMissileProjectile as divinerpg.MeriksMissileProjectile
[16:20:43] [Client thread/TRACE] [FML/divinerpg]: Automatically registered mod divinerpg entity MeteorMashProjectile as divinerpg.MeteorMashProjectile
[16:20:43] [Client thread/TRACE] [FML/divinerpg]: Automatically registered mod divinerpg entity AttractorProjectile as divinerpg.AttractorProjectile
[16:20:43] [Client thread/TRACE] [FML/divinerpg]: Automatically registered mod divinerpg entity ReflectorProjectile as divinerpg.ReflectorProjectile
[16:20:43] [Client thread/TRACE] [FML/divinerpg]: Automatically registered mod divinerpg entity CaptainMerik as divinerpg.CaptainMerik
[16:20:43] [Client thread/TRACE] [FML/divinerpg]: Automatically registered mod divinerpg entity DungeonConstructor as divinerpg.DungeonConstructor
[16:20:43] [Client thread/TRACE] [FML/divinerpg]: Automatically registered mod divinerpg entity Datticon as divinerpg.Datticon
[16:20:43] [Client thread/TRACE] [FML/divinerpg]: Automatically registered mod divinerpg entity WarGeneral as divinerpg.WarGeneral
[16:20:43] [Client thread/TRACE] [FML/divinerpg]: Automatically registered mod divinerpg entity Deathcryx as divinerpg.Deathcryx
[16:20:43] [Client thread/TRACE] [FML/divinerpg]: Automatically registered mod divinerpg entity DeathHound as divinerpg.DeathHound
[16:20:43] [Client thread/TRACE] [FML/divinerpg]: Automatically registered mod divinerpg entity Dramix as divinerpg.Dramix
[16:20:43] [Client thread/TRACE] [FML/divinerpg]: Automatically registered mod divinerpg entity DungeonPrisoner as divinerpg.DungeonPrisoner
[16:20:43] [Client thread/TRACE] [FML/divinerpg]: Automatically registered mod divinerpg entity DungeonDemon as divinerpg.DungeonDemon
[16:20:43] [Client thread/TRACE] [FML/divinerpg]: Automatically registered mod divinerpg entity Leorna as divinerpg.Leorna
[16:20:43] [Client thread/TRACE] [FML/divinerpg]: Automatically registered mod divinerpg entity LivingStatue as divinerpg.LivingStatue
[16:20:43] [Client thread/TRACE] [FML/divinerpg]: Automatically registered mod divinerpg entity Parasecta as divinerpg.Parasecta
[16:20:43] [Client thread/TRACE] [FML/divinerpg]: Automatically registered mod divinerpg entity Razorback as divinerpg.Razorback
[16:20:43] [Client thread/TRACE] [FML/divinerpg]: Automatically registered mod divinerpg entity LordVatticus as divinerpg.LordVatticus
[16:20:43] [Client thread/TRACE] [FML/divinerpg]: Automatically registered mod divinerpg entity Zelus as divinerpg.Zelus
[16:20:43] [Client thread/TRACE] [FML/divinerpg]: Automatically registered mod divinerpg entity Roamer as divinerpg.Roamer
[16:20:43] [Client thread/TRACE] [FML/divinerpg]: Automatically registered mod divinerpg entity Seimer as divinerpg.Seimer
[16:20:43] [Client thread/TRACE] [FML/divinerpg]: Automatically registered mod divinerpg entity Paratiku as divinerpg.Paratiku
[16:20:43] [Client thread/TRACE] [FML/divinerpg]: Automatically registered mod divinerpg entity Wraith as divinerpg.Wraith
[16:20:43] [Client thread/TRACE] [FML/divinerpg]: Automatically registered mod divinerpg entity Fyracryx as divinerpg.Fyracryx
[16:20:43] [Client thread/TRACE] [FML/divinerpg]: Automatically registered mod divinerpg entity GolemOfRejuv as divinerpg.GolemOfRejuv
[16:20:44] [Client thread/TRACE] [divinerpg/divinerpg]: Sent event FMLPreInitializationEvent to mod divinerpg
[16:20:44] [Client thread/DEBUG] [FML/]: Bar Step: PreInitialization - DivineRPG took 0.953s
[16:20:44] [Client thread/DEBUG] [FML/]: Bar Finished: PreInitialization took 0.971s
[16:20:44] [Client thread/INFO] [FML/]: Applying holder lookups
[16:20:44] [Client thread/INFO] [FML/]: Holder lookups applied
[16:20:44] [Client thread/INFO] [FML/]: Injecting itemstacks
[16:20:44] [Client thread/INFO] [FML/]: Itemstack injection complete
[16:20:44] [Client thread/DEBUG] [FML/]: Bar Finished: Loading Resource - TextureManager took 0.000s
[16:20:44] [Sound Library Loader/INFO] [STDOUT/]: [paulscode.sound.SoundSystemLogger:message:69]: 
[16:20:44] [Sound Library Loader/INFO] [STDOUT/]: [paulscode.sound.SoundSystemLogger:message:69]: Starting up SoundSystem...
[16:20:44] [Thread-7/INFO] [STDOUT/]: [paulscode.sound.SoundSystemLogger:message:69]: Initializing LWJGL OpenAL
[16:20:44] [Thread-7/INFO] [STDOUT/]: [paulscode.sound.SoundSystemLogger:message:69]:     (The LWJGL binding of OpenAL.  For more information, see http://www.lwjgl.org)
[16:20:44] [Thread-7/INFO] [STDOUT/]: [paulscode.sound.SoundSystemLogger:message:69]: OpenAL initialized.
[16:20:44] [Sound Library Loader/INFO] [STDOUT/]: [paulscode.sound.SoundSystemLogger:message:69]: 
[16:20:44] [Client thread/DEBUG] [FML/]: Bar Finished: Loading Resource - SoundHandler took 0.674s
[16:20:44] [Client thread/DEBUG] [FML/]: Bar Finished: Loading Resource - FontRenderer took 0.002s
[16:20:44] [Client thread/DEBUG] [FML/]: Bar Finished: Loading Resource - FontRenderer took 0.001s
[16:20:44] [Client thread/DEBUG] [FML/]: Bar Finished: Loading Resource - GrassColorReloadListener took 0.003s
[16:20:44] [Client thread/DEBUG] [FML/]: Bar Finished: Loading Resource - FoliageColorReloadListener took 0.005s
[16:20:44] [Client thread/DEBUG] [FML/]: Bar Step: Rendering Setup - Loading Render Manager took 0.080s
[16:20:44] [Client thread/DEBUG] [FML/]: Bar Finished: Loading Resource - EntityRenderer took 0.000s
[16:20:44] [Client thread/DEBUG] [FML/]: Bar Step: Rendering Setup - Loading Entity Renderer took 0.015s
[16:20:44] [Client thread/DEBUG] [FML/]: Bar Step: Rendering Setup - Loading GL properties took 0.001s
[16:20:44] [Client thread/DEBUG] [FML/]: Bar Step: Rendering Setup - Render Global instance took 0.030s
[16:20:44] [Client thread/DEBUG] [FML/]: Bar Step: Rendering Setup - Building Blocks Texture took 0.008s
[16:20:44] [Client thread/DEBUG] [FML/]: Bar Step: Rendering Setup - Anisotropy and Mipmaps took 0.000s
[16:20:44] [Client thread/DEBUG] [FML/]: Bar Finished: Texture stitching - missingno took 0.001s
[16:20:44] [Client thread/DEBUG] [FML/]: Bar Finished: Texture creation took 0.002s
[16:20:44] [Client thread/DEBUG] [FML/]: Bar Step: Rendering Setup - Loading Blocks Texture took 0.005s
[16:20:44] [Client thread/DEBUG] [FML/]: Bar Finished: Texture stitching - missingno took 0.000s
[16:20:44] [Client thread/DEBUG] [FML/]: Bar Finished: Texture creation took 0.000s
[16:20:44] [Client thread/DEBUG] [FML/]: Bar Step: Rendering Setup - Loading Items Texture took 0.004s
[16:20:44] [Client thread/DEBUG] [FML/]: Bar Step: Rendering Setup - Viewport took 0.001s
[16:20:44] [Client thread/DEBUG] [FML/]: Bar Finished: Rendering Setup took 0.142s
[16:20:44] [Client thread/TRACE] [mcp/mcp]: Sending event FMLInitializationEvent to mod mcp
[16:20:44] [Client thread/TRACE] [mcp/mcp]: Sent event FMLInitializationEvent to mod mcp
[16:20:44] [Client thread/DEBUG] [FML/]: Bar Step: Initialization - Minecraft Coder Pack took 0.000s
[16:20:44] [Client thread/TRACE] [FML/FML]: Sending event FMLInitializationEvent to mod FML
[16:20:44] [Client thread/TRACE] [FML/FML]: Sent event FMLInitializationEvent to mod FML
[16:20:44] [Client thread/DEBUG] [FML/]: Bar Step: Initialization - Forge Mod Loader took 0.000s
[16:20:44] [Client thread/TRACE] [Forge/Forge]: Sending event FMLInitializationEvent to mod Forge
[16:20:44] [Client thread/TRACE] [Forge/Forge]: Sent event FMLInitializationEvent to mod Forge
[16:20:44] [Client thread/DEBUG] [FML/]: Bar Step: Initialization - Minecraft Forge took 0.000s
[16:20:44] [Client thread/TRACE] [divinerpg/divinerpg]: Sending event FMLInitializationEvent to mod divinerpg
[16:20:44] [Client thread/TRACE] [divinerpg/divinerpg]: Sent event FMLInitializationEvent to mod divinerpg
[16:20:44] [Client thread/DEBUG] [FML/]: Bar Step: Initialization - DivineRPG took 0.021s
[16:20:44] [Client thread/DEBUG] [FML/]: Bar Finished: Initialization took 0.022s
[16:20:44] [Client thread/TRACE] [FML/]: Attempting to deliver 0 IMC messages to mod mcp
[16:20:44] [Client thread/TRACE] [mcp/mcp]: Sending event IMCEvent to mod mcp
[16:20:44] [Client thread/TRACE] [mcp/mcp]: Sent event IMCEvent to mod mcp
[16:20:44] [Client thread/DEBUG] [FML/]: Bar Step: InterModComms$IMC - Minecraft Coder Pack took 0.002s
[16:20:44] [Client thread/TRACE] [FML/]: Attempting to deliver 0 IMC messages to mod FML
[16:20:44] [Client thread/TRACE] [FML/FML]: Sending event IMCEvent to mod FML
[16:20:44] [Client thread/TRACE] [FML/FML]: Sent event IMCEvent to mod FML
[16:20:44] [Client thread/DEBUG] [FML/]: Bar Step: InterModComms$IMC - Forge Mod Loader took 0.000s
[16:20:44] [Client thread/TRACE] [FML/]: Attempting to deliver 0 IMC messages to mod Forge
[16:20:44] [Client thread/TRACE] [Forge/Forge]: Sending event IMCEvent to mod Forge
[16:20:45] [Client thread/TRACE] [Forge/Forge]: Sent event IMCEvent to mod Forge
[16:20:45] [Client thread/DEBUG] [FML/]: Bar Step: InterModComms$IMC - Minecraft Forge took 0.000s
[16:20:45] [Client thread/TRACE] [FML/]: Attempting to deliver 0 IMC messages to mod divinerpg
[16:20:45] [Client thread/TRACE] [divinerpg/divinerpg]: Sending event IMCEvent to mod divinerpg
[16:20:45] [Client thread/TRACE] [divinerpg/divinerpg]: Sent event IMCEvent to mod divinerpg
[16:20:45] [Client thread/DEBUG] [FML/]: Bar Step: InterModComms$IMC - DivineRPG took 0.000s
[16:20:45] [Client thread/DEBUG] [FML/]: Bar Finished: InterModComms$IMC took 0.002s
[16:20:45] [Client thread/INFO] [FML/]: Injecting itemstacks
[16:20:45] [Client thread/INFO] [FML/]: Itemstack injection complete
[16:20:45] [Client thread/TRACE] [mcp/mcp]: Sending event FMLPostInitializationEvent to mod mcp
[16:20:45] [Client thread/TRACE] [mcp/mcp]: Sent event FMLPostInitializationEvent to mod mcp
[16:20:45] [Client thread/DEBUG] [FML/]: Bar Step: PostInitialization - Minecraft Coder Pack took 0.000s
[16:20:45] [Client thread/TRACE] [FML/FML]: Sending event FMLPostInitializationEvent to mod FML
[16:20:45] [Client thread/TRACE] [FML/FML]: Sent event FMLPostInitializationEvent to mod FML
[16:20:45] [Client thread/DEBUG] [FML/]: Bar Step: PostInitialization - Forge Mod Loader took 0.000s
[16:20:45] [Client thread/TRACE] [Forge/Forge]: Sending event FMLPostInitializationEvent to mod Forge
[16:20:45] [Client thread/TRACE] [Forge/Forge]: Sent event FMLPostInitializationEvent to mod Forge
[16:20:45] [Client thread/DEBUG] [FML/]: Bar Step: PostInitialization - Minecraft Forge took 0.000s
[16:20:45] [Client thread/TRACE] [divinerpg/divinerpg]: Sending event FMLPostInitializationEvent to mod divinerpg
[16:20:45] [Client thread/INFO] [DivineRPG/divinerpg]: DivineRPG has finished loading!
[16:20:45] [Client thread/TRACE] [divinerpg/divinerpg]: Sent event FMLPostInitializationEvent to mod divinerpg
[16:20:45] [Client thread/DEBUG] [FML/]: Bar Step: PostInitialization - DivineRPG took 0.004s
[16:20:45] [Client thread/DEBUG] [FML/]: Bar Finished: PostInitialization took 0.005s
[16:20:45] [Client thread/TRACE] [mcp/mcp]: Sending event FMLLoadCompleteEvent to mod mcp
[16:20:45] [Client thread/TRACE] [mcp/mcp]: Sent event FMLLoadCompleteEvent to mod mcp
[16:20:45] [Client thread/DEBUG] [FML/]: Bar Step: LoadComplete - Minecraft Coder Pack took 0.000s
[16:20:45] [Client thread/TRACE] [FML/FML]: Sending event FMLLoadCompleteEvent to mod FML
[16:20:45] [Client thread/TRACE] [FML/FML]: Sent event FMLLoadCompleteEvent to mod FML
[16:20:45] [Client thread/DEBUG] [FML/]: Bar Step: LoadComplete - Forge Mod Loader took 0.000s
[16:20:45] [Client thread/TRACE] [Forge/Forge]: Sending event FMLLoadCompleteEvent to mod Forge
[16:20:45] [Client thread/DEBUG] [FML/Forge]: Forge RecipeSorter Baking:
[16:20:45] [Client thread/DEBUG] [FML/Forge]:   11: RecipeEntry("Before", UNKNOWN, )
[16:20:45] [Client thread/DEBUG] [FML/Forge]:   10: RecipeEntry("minecraft:shaped", SHAPED, net.minecraft.item.crafting.ShapedRecipes) Before: minecraft:shapeless
[16:20:45] [Client thread/DEBUG] [FML/Forge]:   9: RecipeEntry("forge:shapedore", SHAPED, net.minecraftforge.oredict.ShapedOreRecipe) Before: minecraft:shapeless After: minecraft:shaped
[16:20:45] [Client thread/DEBUG] [FML/Forge]:   8: RecipeEntry("minecraft:mapextending", SHAPED, net.minecraft.item.crafting.RecipesMapExtending) Before: minecraft:shapeless After: minecraft:shaped
[16:20:45] [Client thread/DEBUG] [FML/Forge]:   7: RecipeEntry("minecraft:shapeless", SHAPELESS, net.minecraft.item.crafting.ShapelessRecipes) After: minecraft:shaped
[16:20:45] [Client thread/DEBUG] [FML/Forge]:   6: RecipeEntry("forge:shapelessore", SHAPELESS, net.minecraftforge.oredict.ShapelessOreRecipe) After: minecraft:shapeless
[16:20:45] [Client thread/DEBUG] [FML/Forge]:   5: RecipeEntry("minecraft:armordyes", SHAPELESS, net.minecraft.item.crafting.RecipesArmorDyes) After: minecraft:shapeless
[16:20:45] [Client thread/DEBUG] [FML/Forge]:   4: RecipeEntry("minecraft:fireworks", SHAPELESS, net.minecraft.item.crafting.RecipeFireworks) After: minecraft:shapeless
[16:20:45] [Client thread/DEBUG] [FML/Forge]:   3: RecipeEntry("minecraft:bookcloning", SHAPELESS, net.minecraft.item.crafting.RecipeBookCloning) After: minecraft:shapeless
[16:20:45] [Client thread/DEBUG] [FML/Forge]:   2: RecipeEntry("minecraft:mapcloning", SHAPELESS, net.minecraft.item.crafting.RecipesMapCloning) After: minecraft:shapeless
[16:20:45] [Client thread/DEBUG] [FML/Forge]:   1: RecipeEntry("After", UNKNOWN, )
[16:20:45] [Client thread/DEBUG] [FML/Forge]: Sorting recipies
[16:20:45] [Client thread/TRACE] [Forge/Forge]: Sent event FMLLoadCompleteEvent to mod Forge
[16:20:45] [Client thread/DEBUG] [FML/]: Bar Step: LoadComplete - Minecraft Forge took 0.005s
[16:20:45] [Client thread/TRACE] [divinerpg/divinerpg]: Sending event FMLLoadCompleteEvent to mod divinerpg
[16:20:45] [Client thread/TRACE] [divinerpg/divinerpg]: Sent event FMLLoadCompleteEvent to mod divinerpg
[16:20:45] [Client thread/DEBUG] [FML/]: Bar Step: LoadComplete - DivineRPG took 0.000s
[16:20:45] [Client thread/DEBUG] [FML/]: Bar Finished: LoadComplete took 0.005s
[16:20:45] [Client thread/DEBUG] [FML/]: Freezing block and item id maps
[16:20:45] [Client thread/DEBUG] [FML/]: Registry consistency check successful
[16:20:45] [Client thread/DEBUG] [FML/]: Registry consistency check successful
[16:20:45] [Client thread/INFO] [FML/]: Forge Mod Loader has successfully loaded 4 mods
[16:20:45] [Client thread/DEBUG] [FML/]: Bar Step: Loading Resources - Default took 0.000s
[16:20:45] [Client thread/DEBUG] [FML/]: Bar Step: Loading Resources - FMLFileResourcePack:Forge Mod Loader took 0.002s
[16:20:45] [Client thread/DEBUG] [FML/]: Bar Step: Loading Resources - FMLFileResourcePack:Minecraft Forge took 0.002s
[16:20:45] [Client thread/DEBUG] [FML/]: Bar Step: Loading Resources - FMLFileResourcePack:DivineRPG took 0.002s
[16:20:45] [Client thread/DEBUG] [FML/]: Bar Finished: Texture Loading took 0.183s
[16:20:45] [Client thread/DEBUG] [FML/]: Bar Finished: Mipmap generation took 0.273s
[16:20:45] [Client thread/DEBUG] [FML/]: Bar Finished: Texture stitching took 0.016s
[16:20:45] [Client thread/DEBUG] [FML/]: Bar Finished: Texture creation took 0.025s
[16:20:45] [Client thread/DEBUG] [FML/]: Bar Step: Reloading Texture Manager - minecraft:textures/atlas/blocks.png took 0.483s
[16:20:45] [Client thread/DEBUG] [FML/]: Bar Step: Reloading Texture Manager - minecraft:textures/font/ascii.png took 0.001s
[16:20:45] [Client thread/DEBUG] [FML/]: Bar Step: Reloading Texture Manager - minecraft:dynamic/lightMap_1 took 0.000s
[16:20:45] [Client thread/DEBUG] [FML/]: Bar Step: Reloading Texture Manager - minecraft:textures/font/ascii_sga.png took 0.001s
[16:20:45] [Client thread/DEBUG] [FML/]: Bar Finished: Texture Loading took 0.063s
[16:20:45] [Client thread/DEBUG] [FML/]: Bar Finished: Mipmap generation took 0.007s
[16:20:45] [Client thread/DEBUG] [FML/]: Bar Finished: Texture stitching took 0.014s
[16:20:45] [Client thread/DEBUG] [FML/]: Bar Finished: Texture creation took 0.016s
[16:20:45] [Client thread/DEBUG] [FML/]: Bar Step: Reloading Texture Manager - minecraft:textures/atlas/items.png took 0.086s
[16:20:45] [Client thread/DEBUG] [FML/]: Bar Finished: Reloading Texture Manager took 0.571s
[16:20:45] [Client thread/INFO] [STDOUT/]: [paulscode.sound.SoundSystemLogger:message:69]: 
[16:20:45] [Client thread/INFO] [STDOUT/]: [paulscode.sound.SoundSystemLogger:message:69]: SoundSystem shutting down...
[16:20:45] [Client thread/INFO] [STDOUT/]: [paulscode.sound.SoundSystemLogger:importantMessage:90]:     Author: Paul Lamb, www.paulscode.com
[16:20:45] [Client thread/INFO] [STDOUT/]: [paulscode.sound.SoundSystemLogger:message:69]: 
[16:20:45] [Sound Library Loader/INFO] [STDOUT/]: [paulscode.sound.SoundSystemLogger:message:69]: 
[16:20:45] [Sound Library Loader/INFO] [STDOUT/]: [paulscode.sound.SoundSystemLogger:message:69]: Starting up SoundSystem...
[16:20:46] [Thread-9/INFO] [STDOUT/]: [paulscode.sound.SoundSystemLogger:message:69]: Initializing LWJGL OpenAL
[16:20:46] [Thread-9/INFO] [STDOUT/]: [paulscode.sound.SoundSystemLogger:message:69]:     (The LWJGL binding of OpenAL.  For more information, see http://www.lwjgl.org)
[16:20:46] [Thread-9/INFO] [STDOUT/]: [paulscode.sound.SoundSystemLogger:message:69]: OpenAL initialized.
[16:20:46] [Sound Library Loader/INFO] [STDOUT/]: [paulscode.sound.SoundSystemLogger:message:69]: 
[16:20:46] [Client thread/DEBUG] [FML/]: Bar Finished: Reloading took 1.425s
[16:20:46] [Client thread/DEBUG] [FML/]: Bar Step: Loading Resources - Reloading listeners took 1.425s
[16:20:46] [Client thread/DEBUG] [FML/]: Bar Finished: Loading Resources took 1.432s
[16:20:46] [Client thread/DEBUG] [Forge Mod Loader/]: Mod Forge Mod Loader is missing a pack.mcmeta file, substituting a dummy one
[16:20:46] [Client thread/DEBUG] [Minecraft Forge/]: Mod Minecraft Forge is missing a pack.mcmeta file, substituting a dummy one
[16:20:46] [Client thread/DEBUG] [DivineRPG/]: Mod DivineRPG is missing a pack.mcmeta file, substituting a dummy one
[16:20:46] [Client thread/DEBUG] [FML/]: Bar Finished: Loading took 6.833s
[16:20:46] [Client thread/ERROR] [TEXTURE ERRORS/]: +=+=+=+=+=+=+=+=+=+=+=+=+=+=+=+=+=+=+=+=+=+=+=+=+=
[16:20:46] [Client thread/ERROR] [TEXTURE ERRORS/]: The following texture errors were found.
[16:20:46] [Client thread/ERROR] [TEXTURE ERRORS/]: ==================================================
[16:20:46] [Client thread/ERROR] [TEXTURE ERRORS/]:   DOMAIN divinerpg
[16:20:46] [Client thread/ERROR] [TEXTURE ERRORS/]: --------------------------------------------------
[16:20:46] [Client thread/ERROR] [TEXTURE ERRORS/]:   domain divinerpg is missing 7 textures
[16:20:46] [Client thread/ERROR] [TEXTURE ERRORS/]:     domain divinerpg has 1 location:
[16:20:46] [Client thread/ERROR] [TEXTURE ERRORS/]:       mod divinerpg resources at C:\Users\User\Desktop\mods\DivineRPG\build\libs\divinerpg-1.4.2.jar
[16:20:46] [Client thread/ERROR] [TEXTURE ERRORS/]: -------------------------
[16:20:46] [Client thread/ERROR] [TEXTURE ERRORS/]:     The missing resources for domain divinerpg are:
[16:20:46] [Client thread/ERROR] [TEXTURE ERRORS/]:       textures/blocks/dreamwoodLeaves_fast.png
[16:20:46] [Client thread/ERROR] [TEXTURE ERRORS/]:       textures/blocks/arcaniteRails_powered.png
[16:20:46] [Client thread/ERROR] [TEXTURE ERRORS/]:       textures/blocks/apalachiaRails_powered.png
[16:20:46] [Client thread/ERROR] [TEXTURE ERRORS/]:       textures/blocks/firewoodLeaves_fast.png
[16:20:46] [Client thread/ERROR] [TEXTURE ERRORS/]:       textures/blocks/mintwoodLeaves_fast.png
[16:20:46] [Client thread/ERROR] [TEXTURE ERRORS/]:       textures/blocks/hyrewoodLeaves_fast.png
[16:20:46] [Client thread/ERROR] [TEXTURE ERRORS/]:       textures/blocks/ayeracoSpawn.png
[16:20:46] [Client thread/ERROR] [TEXTURE ERRORS/]: -------------------------
[16:20:46] [Client thread/ERROR] [TEXTURE ERRORS/]:     No other errors exist for domain divinerpg
[16:20:46] [Client thread/ERROR] [TEXTURE ERRORS/]: ==================================================
[16:20:46] [Client thread/ERROR] [TEXTURE ERRORS/]: +=+=+=+=+=+=+=+=+=+=+=+=+=+=+=+=+=+=+=+=+=+=+=+=+=
[16:20:57] [Netty Client IO #0/INFO] [FML/]: Attempting connection with missing mods [] at SERVER
[16:21:03] [Client thread/DEBUG] [FML/]: Gathering id map for writing to world save New World
[16:21:03] [Server thread/TRACE] [mcp/mcp]: Sending event FMLServerAboutToStartEvent to mod mcp
[16:21:03] [Server thread/TRACE] [mcp/mcp]: Sent event FMLServerAboutToStartEvent to mod mcp
[16:21:03] [Server thread/DEBUG] [FML/]: Bar Step: ServerAboutToStart - Minecraft Coder Pack took 0.000s
[16:21:03] [Server thread/TRACE] [FML/FML]: Sending event FMLServerAboutToStartEvent to mod FML
[16:21:03] [Server thread/TRACE] [FML/FML]: Sent event FMLServerAboutToStartEvent to mod FML
[16:21:03] [Server thread/DEBUG] [FML/]: Bar Step: ServerAboutToStart - Forge Mod Loader took 0.000s
[16:21:03] [Server thread/TRACE] [Forge/Forge]: Sending event FMLServerAboutToStartEvent to mod Forge
[16:21:03] [Server thread/TRACE] [Forge/Forge]: Sent event FMLServerAboutToStartEvent to mod Forge
[16:21:03] [Server thread/DEBUG] [FML/]: Bar Step: ServerAboutToStart - Minecraft Forge took 0.000s
[16:21:03] [Server thread/TRACE] [divinerpg/divinerpg]: Sending event FMLServerAboutToStartEvent to mod divinerpg
[16:21:03] [Server thread/TRACE] [divinerpg/divinerpg]: Sent event FMLServerAboutToStartEvent to mod divinerpg
[16:21:03] [Server thread/DEBUG] [FML/]: Bar Step: ServerAboutToStart - DivineRPG took 0.000s
[16:21:03] [Server thread/DEBUG] [FML/]: Bar Finished: ServerAboutToStart took 0.001s
[16:21:03] [Server thread/DEBUG] [FML/]: Gathering id map for writing to world save New World
[16:21:03] [Server thread/INFO] [FML/]: Injecting existing block and item data into this server instance
[16:21:03] [Server thread/DEBUG] [FML/]: Registry consistency check successful
[16:21:03] [Server thread/DEBUG] [FML/]: Registry consistency check successful
[16:21:03] [Server thread/TRACE] [mcp/mcp]: Sending event FMLModIdMappingEvent to mod mcp
[16:21:03] [Server thread/TRACE] [mcp/mcp]: Sent event FMLModIdMappingEvent to mod mcp
[16:21:03] [Server thread/DEBUG] [FML/]: Bar Step: ModIdMapping - Minecraft Coder Pack took 0.000s
[16:21:03] [Server thread/TRACE] [FML/FML]: Sending event FMLModIdMappingEvent to mod FML
[16:21:03] [Server thread/TRACE] [FML/FML]: Sent event FMLModIdMappingEvent to mod FML
[16:21:03] [Server thread/DEBUG] [FML/]: Bar Step: ModIdMapping - Forge Mod Loader took 0.000s
[16:21:03] [Server thread/TRACE] [Forge/Forge]: Sending event FMLModIdMappingEvent to mod Forge
[16:21:03] [Server thread/TRACE] [Forge/Forge]: Sent event FMLModIdMappingEvent to mod Forge
[16:21:03] [Server thread/DEBUG] [FML/]: Bar Step: ModIdMapping - Minecraft Forge took 0.001s
[16:21:03] [Server thread/TRACE] [divinerpg/divinerpg]: Sending event FMLModIdMappingEvent to mod divinerpg
[16:21:03] [Server thread/TRACE] [divinerpg/divinerpg]: Sent event FMLModIdMappingEvent to mod divinerpg
[16:21:03] [Server thread/DEBUG] [FML/]: Bar Step: ModIdMapping - DivineRPG took 0.000s
[16:21:03] [Server thread/DEBUG] [FML/]: Bar Finished: ModIdMapping took 0.001s
[16:21:03] [Server thread/INFO] [FML/]: Applying holder lookups
[16:21:03] [Server thread/INFO] [FML/]: Holder lookups applied
[16:21:03] [Server thread/DEBUG] [FML/]: Loading persistent fluid defaults from world
[16:21:03] [Server thread/DEBUG] [FML/]: The fluid minecraft:lava has been selected as the default fluid for lava
[16:21:03] [Server thread/DEBUG] [FML/]: The fluid minecraft:water has been selected as the default fluid for water
[16:21:03] [Server thread/DEBUG] [FML/]: The fluid divinerpg:tar has been selected as the default fluid for tar
[16:21:03] [Server thread/INFO] [FML/]: Loading dimension 0 (New World) (net.minecraft.server.integrated.IntegratedServer@6890f9bd)
[16:21:03] [Server thread/INFO] [FML/]: Loading dimension 57 (New World) (net.minecraft.server.integrated.IntegratedServer@6890f9bd)
[16:21:04] [Server thread/INFO] [FML/]: Loading dimension 56 (New World) (net.minecraft.server.integrated.IntegratedServer@6890f9bd)
[16:21:04] [Server thread/INFO] [FML/]: Loading dimension 55 (New World) (net.minecraft.server.integrated.IntegratedServer@6890f9bd)
[16:21:04] [Server thread/INFO] [FML/]: Loading dimension 54 (New World) (net.minecraft.server.integrated.IntegratedServer@6890f9bd)
[16:21:04] [Server thread/INFO] [FML/]: Loading dimension 53 (New World) (net.minecraft.server.integrated.IntegratedServer@6890f9bd)
[16:21:04] [Server thread/INFO] [FML/]: Loading dimension 52 (New World) (net.minecraft.server.integrated.IntegratedServer@6890f9bd)
[16:21:04] [Server thread/INFO] [FML/]: Loading dimension -1 (New World) (net.minecraft.server.integrated.IntegratedServer@6890f9bd)
[16:21:04] [Server thread/INFO] [FML/]: Loading dimension 51 (New World) (net.minecraft.server.integrated.IntegratedServer@6890f9bd)
[16:21:04] [Server thread/INFO] [FML/]: Loading dimension 50 (New World) (net.minecraft.server.integrated.IntegratedServer@6890f9bd)
[16:21:04] [Server thread/INFO] [FML/]: Loading dimension 1 (New World) (net.minecraft.server.integrated.IntegratedServer@6890f9bd)
[16:21:06] [Server thread/TRACE] [mcp/mcp]: Sending event FMLServerStartingEvent to mod mcp
[16:21:06] [Server thread/TRACE] [mcp/mcp]: Sent event FMLServerStartingEvent to mod mcp
[16:21:06] [Server thread/DEBUG] [FML/]: Bar Step: ServerStarting - Minecraft Coder Pack took 0.000s
[16:21:06] [Server thread/TRACE] [FML/FML]: Sending event FMLServerStartingEvent to mod FML
[16:21:06] [Server thread/TRACE] [FML/FML]: Sent event FMLServerStartingEvent to mod FML
[16:21:06] [Server thread/DEBUG] [FML/]: Bar Step: ServerStarting - Forge Mod Loader took 0.000s
[16:21:06] [Server thread/TRACE] [Forge/Forge]: Sending event FMLServerStartingEvent to mod Forge
[16:21:06] [Server thread/TRACE] [Forge/Forge]: Sent event FMLServerStartingEvent to mod Forge
[16:21:06] [Server thread/DEBUG] [FML/]: Bar Step: ServerStarting - Minecraft Forge took 0.002s
[16:21:06] [Server thread/TRACE] [divinerpg/divinerpg]: Sending event FMLServerStartingEvent to mod divinerpg
[16:21:06] [Server thread/TRACE] [divinerpg/divinerpg]: Sent event FMLServerStartingEvent to mod divinerpg
[16:21:06] [Server thread/DEBUG] [FML/]: Bar Step: ServerStarting - DivineRPG took 0.000s
[16:21:06] [Server thread/DEBUG] [FML/]: Bar Finished: ServerStarting took 0.002s
[16:21:06] [Server thread/TRACE] [mcp/mcp]: Sending event FMLServerStartedEvent to mod mcp
[16:21:06] [Server thread/TRACE] [mcp/mcp]: Sent event FMLServerStartedEvent to mod mcp
[16:21:06] [Server thread/DEBUG] [FML/]: Bar Step: ServerStarted - Minecraft Coder Pack took 0.000s
[16:21:06] [Server thread/TRACE] [FML/FML]: Sending event FMLServerStartedEvent to mod FML
[16:21:06] [Server thread/TRACE] [FML/FML]: Sent event FMLServerStartedEvent to mod FML
[16:21:06] [Server thread/DEBUG] [FML/]: Bar Step: ServerStarted - Forge Mod Loader took 0.000s
[16:21:06] [Server thread/TRACE] [Forge/Forge]: Sending event FMLServerStartedEvent to mod Forge
[16:21:06] [Server thread/TRACE] [Forge/Forge]: Sent event FMLServerStartedEvent to mod Forge
[16:21:06] [Server thread/DEBUG] [FML/]: Bar Step: ServerStarted - Minecraft Forge took 0.000s
[16:21:06] [Server thread/TRACE] [divinerpg/divinerpg]: Sending event FMLServerStartedEvent to mod divinerpg
[16:21:06] [Server thread/TRACE] [divinerpg/divinerpg]: Sent event FMLServerStartedEvent to mod divinerpg
[16:21:06] [Server thread/DEBUG] [FML/]: Bar Step: ServerStarted - DivineRPG took 0.000s
[16:21:06] [Server thread/DEBUG] [FML/]: Bar Finished: ServerStarted took 0.000s
[16:21:06] [Netty Client IO #1/DEBUG] [FML/]: Server FML protocol version 2, 4 byte dimension received 0
[16:21:06] [Netty Client IO #1/TRACE] [FML/]: $ServerHello->FMLHandshakeClientState$2:HELLO
[16:21:06] [Netty Client IO #1/INFO] [FML/]: Server protocol version 2
[16:21:06] [Netty Client IO #1/DEBUG] [FML/]: Received override dimension 0
[16:21:06] [Netty IO #1/TRACE] [FML/]: $ClientHello->FMLHandshakeServerState$2:HELLO
[16:21:06] [Netty IO #1/INFO] [FML/]: Client protocol version 2
[16:21:06] [Netty IO #1/TRACE] [FML/]: $ModList:4 mods->FMLHandshakeServerState$2:HELLO
[16:21:06] [Netty IO #1/INFO] [FML/]: Client attempting to join with 4 mods : FML@7.10.99.99,Forge@10.13.4.1614,divinerpg@1.4.2,mcp@9.05
[16:21:06] [Netty IO #1/INFO] [FML/]: Attempting connection with missing mods [] at CLIENT
[16:21:06] [Netty Client IO #1/TRACE] [FML/]: $ModList:4 mods->FMLHandshakeClientState$3:WAITINGSERVERDATA
[16:21:06] [Netty Client IO #1/INFO] [FML/]: Attempting connection with missing mods [] at SERVER
[16:21:06] [Netty IO #1/TRACE] [FML/]: $HandshakeAck:{2}->FMLHandshakeServerState$3:WAITINGCACK
[16:21:06] [Netty Client IO #1/TRACE] [FML/]: $HandshakeAck:{2}->FMLHandshakeClientState$5:PENDINGCOMPLETE
[16:21:06] [Netty IO #1/TRACE] [FML/]: $HandshakeAck:{4}->FMLHandshakeServerState$4:COMPLETE
[16:21:06] [Netty Client IO #1/TRACE] [FML/]: $HandshakeAck:{3}->FMLHandshakeClientState$6:COMPLETE
[16:21:06] [Netty IO #1/TRACE] [FML/]: $HandshakeAck:{5}->FMLHandshakeServerState$5:DONE
[16:21:06] [Client thread/DEBUG] [FML/]: The fluid minecraft:lava has been selected as the default fluid for lava
[16:21:06] [Client thread/DEBUG] [FML/]: The fluid minecraft:water has been selected as the default fluid for water
[16:21:06] [Client thread/DEBUG] [FML/]: The fluid divinerpg:tar has been selected as the default fluid for tar
[16:21:06] [Client thread/INFO] [FML/]: [Client thread] Client side modded connection established
[16:21:06] [Server thread/INFO] [FML/]: [Server thread] Server side modded connection established
[16:21:06] [Client thread/DEBUG] [FML/]: Overriding dimension: using 0
[16:21:08] [Server thread/INFO] [STDERR/]: [java.lang.Throwable$WrappedPrintStream:println:749]: java.io.FileNotFoundException: https://raw.githubusercontent.com/DivineRPG/DivineRPG/master/Version.txt
[16:21:08] [Server thread/INFO] [STDERR/]: [java.lang.Throwable$WrappedPrintStream:println:749]: 	at sun.net.www.protocol.http.HttpURLConnection.getInputStream0(HttpURLConnection.java:1898)
[16:21:08] [Server thread/INFO] [STDERR/]: [java.lang.Throwable$WrappedPrintStream:println:749]: 	at sun.net.www.protocol.http.HttpURLConnection.access$200(HttpURLConnection.java:92)
[16:21:08] [Server thread/INFO] [STDERR/]: [java.lang.Throwable$WrappedPrintStream:println:749]: 	at sun.net.www.protocol.http.HttpURLConnection$9.run(HttpURLConnection.java:1492)
[16:21:08] [Server thread/INFO] [STDERR/]: [java.lang.Throwable$WrappedPrintStream:println:749]: 	at sun.net.www.protocol.http.HttpURLConnection$9.run(HttpURLConnection.java:1490)
[16:21:08] [Server thread/INFO] [STDERR/]: [java.lang.Throwable$WrappedPrintStream:println:749]: 	at java.security.AccessController.doPrivileged(Native Method)
[16:21:08] [Server thread/INFO] [STDERR/]: [java.lang.Throwable$WrappedPrintStream:println:749]: 	at java.security.AccessController.doPrivilegedWithCombiner(AccessController.java:784)
[16:21:08] [Server thread/INFO] [STDERR/]: [java.lang.Throwable$WrappedPrintStream:println:749]: 	at sun.net.www.protocol.http.HttpURLConnection.getInputStream(HttpURLConnection.java:1489)
[16:21:08] [Server thread/INFO] [STDERR/]: [java.lang.Throwable$WrappedPrintStream:println:749]: 	at sun.net.www.protocol.https.HttpsURLConnectionImpl.getInputStream(HttpsURLConnectionImpl.java:268)
[16:21:08] [Server thread/INFO] [STDERR/]: [java.lang.Throwable$WrappedPrintStream:println:749]: 	at java.net.URL.openStream(URL.java:1093)
[16:21:08] [Server thread/INFO] [STDERR/]: [java.lang.Throwable$WrappedPrintStream:println:749]: 	at net.divinerpg.utils.events.UpdateChecker.getCurrentVersion(UpdateChecker.java:69)
[16:21:08] [Server thread/INFO] [STDERR/]: [java.lang.Throwable$WrappedPrintStream:println:749]: 	at net.divinerpg.utils.events.UpdateChecker.isUpdateAvailable(UpdateChecker.java:25)
[16:21:08] [Server thread/INFO] [STDERR/]: [java.lang.Throwable$WrappedPrintStream:println:749]: 	at net.divinerpg.utils.events.EventClientLogin.onPlayerLogin(EventClientLogin.java:22)
[16:21:08] [Server thread/INFO] [STDERR/]: [java.lang.Throwable$WrappedPrintStream:println:749]: 	at cpw.mods.fml.common.eventhandler.ASMEventHandler_23_EventClientLogin_onPlayerLogin_PlayerLoggedInEvent.invoke(.dynamic)
[16:21:08] [Server thread/INFO] [STDERR/]: [java.lang.Throwable$WrappedPrintStream:println:749]: 	at cpw.mods.fml.common.eventhandler.ASMEventHandler.invoke(ASMEventHandler.java:54)
[16:21:08] [Server thread/INFO] [STDERR/]: [java.lang.Throwable$WrappedPrintStream:println:749]: 	at cpw.mods.fml.common.eventhandler.EventBus.post(EventBus.java:140)
[16:21:08] [Server thread/INFO] [STDERR/]: [java.lang.Throwable$WrappedPrintStream:println:749]: 	at cpw.mods.fml.common.FMLCommonHandler.firePlayerLoggedIn(FMLCommonHandler.java:550)
[16:21:08] [Server thread/INFO] [STDERR/]: [java.lang.Throwable$WrappedPrintStream:println:749]: 	at net.minecraft.server.management.ServerConfigurationManager.initializeConnectionToPlayer(ServerConfigurationManager.java:189)
[16:21:08] [Server thread/INFO] [STDERR/]: [java.lang.Throwable$WrappedPrintStream:println:749]: 	at cpw.mods.fml.common.network.handshake.NetworkDispatcher.completeServerSideConnection(NetworkDispatcher.java:190)
[16:21:08] [Server thread/INFO] [STDERR/]: [java.lang.Throwable$WrappedPrintStream:println:749]: 	at cpw.mods.fml.common.network.handshake.NetworkDispatcher.completeHandshake(NetworkDispatcher.java:463)
[16:21:08] [Server thread/INFO] [STDERR/]: [java.lang.Throwable$WrappedPrintStream:println:749]: 	at cpw.mods.fml.common.network.internal.HandshakeCompletionHandler.channelRead0(HandshakeCompletionHandler.java:17)
[16:21:08] [Server thread/INFO] [STDERR/]: [java.lang.Throwable$WrappedPrintStream:println:749]: 	at cpw.mods.fml.common.network.internal.HandshakeCompletionHandler.channelRead0(HandshakeCompletionHandler.java:11)
[16:21:08] [Server thread/INFO] [STDERR/]: [java.lang.Throwable$WrappedPrintStream:println:749]: 	at io.netty.channel.SimpleChannelInboundHandler.channelRead(SimpleChannelInboundHandler.java:98)
[16:21:08] [Server thread/INFO] [STDERR/]: [java.lang.Throwable$WrappedPrintStream:println:749]: 	at io.netty.channel.DefaultChannelHandlerContext.invokeChannelRead(DefaultChannelHandlerContext.java:337)
[16:21:08] [Server thread/INFO] [STDERR/]: [java.lang.Throwable$WrappedPrintStream:println:749]: 	at io.netty.channel.DefaultChannelHandlerContext.fireChannelRead(DefaultChannelHandlerContext.java:323)
[16:21:08] [Server thread/INFO] [STDERR/]: [java.lang.Throwable$WrappedPrintStream:println:749]: 	at io.netty.handler.codec.MessageToMessageDecoder.channelRead(MessageToMessageDecoder.java:103)
[16:21:08] [Server thread/INFO] [STDERR/]: [java.lang.Throwable$WrappedPrintStream:println:749]: 	at io.netty.handler.codec.MessageToMessageCodec.channelRead(MessageToMessageCodec.java:111)
[16:21:08] [Server thread/INFO] [STDERR/]: [java.lang.Throwable$WrappedPrintStream:println:749]: 	at io.netty.channel.DefaultChannelHandlerContext.invokeChannelRead(DefaultChannelHandlerContext.java:337)
[16:21:08] [Server thread/INFO] [STDERR/]: [java.lang.Throwable$WrappedPrintStream:println:749]: 	at io.netty.channel.DefaultChannelHandlerContext.fireChannelRead(DefaultChannelHandlerContext.java:323)
[16:21:08] [Server thread/INFO] [STDERR/]: [java.lang.Throwable$WrappedPrintStream:println:749]: 	at io.netty.channel.DefaultChannelPipeline.fireChannelRead(DefaultChannelPipeline.java:785)
[16:21:08] [Server thread/INFO] [STDERR/]: [java.lang.Throwable$WrappedPrintStream:println:749]: 	at io.netty.channel.embedded.EmbeddedChannel.writeInbound(EmbeddedChannel.java:169)
[16:21:08] [Server thread/INFO] [STDERR/]: [java.lang.Throwable$WrappedPrintStream:println:749]: 	at cpw.mods.fml.common.network.internal.FMLProxyPacket.processPacket(FMLProxyPacket.java:86)
[16:21:08] [Server thread/INFO] [STDERR/]: [java.lang.Throwable$WrappedPrintStream:println:749]: 	at net.minecraft.network.NetworkManager.processReceivedPackets(NetworkManager.java:241)
[16:21:08] [Server thread/INFO] [STDERR/]: [java.lang.Throwable$WrappedPrintStream:println:749]: 	at net.minecraft.network.NetworkSystem.networkTick(NetworkSystem.java:182)
[16:21:08] [Server thread/INFO] [STDERR/]: [java.lang.Throwable$WrappedPrintStream:println:749]: 	at net.minecraft.server.MinecraftServer.updateTimeLightAndEntities(MinecraftServer.java:726)
[16:21:08] [Server thread/INFO] [STDERR/]: [java.lang.Throwable$WrappedPrintStream:println:749]: 	at net.minecraft.server.MinecraftServer.tick(MinecraftServer.java:614)
[16:21:08] [Server thread/INFO] [STDERR/]: [java.lang.Throwable$WrappedPrintStream:println:749]: 	at net.minecraft.server.integrated.IntegratedServer.tick(IntegratedServer.java:118)
[16:21:08] [Server thread/INFO] [STDERR/]: [java.lang.Throwable$WrappedPrintStream:println:749]: 	at net.minecraft.server.MinecraftServer.run(MinecraftServer.java:485)
[16:21:08] [Server thread/INFO] [STDERR/]: [java.lang.Throwable$WrappedPrintStream:println:749]: 	at net.minecraft.server.MinecraftServer$2.run(MinecraftServer.java:752)
[16:21:08] [Client thread/INFO] [STDERR/]: [java.lang.Throwable$WrappedPrintStream:println:749]: java.io.FileNotFoundException: https://raw.githubusercontent.com/DivineRPG/DivineRPG/master/Version.txt
[16:21:08] [Client thread/INFO] [STDERR/]: [java.lang.Throwable$WrappedPrintStream:println:749]: 	at sun.net.www.protocol.http.HttpURLConnection.getInputStream0(HttpURLConnection.java:1898)
[16:21:08] [Client thread/INFO] [STDERR/]: [java.lang.Throwable$WrappedPrintStream:println:749]: 	at sun.net.www.protocol.http.HttpURLConnection.access$200(HttpURLConnection.java:92)
[16:21:08] [Client thread/INFO] [STDERR/]: [java.lang.Throwable$WrappedPrintStream:println:749]: 	at sun.net.www.protocol.http.HttpURLConnection$9.run(HttpURLConnection.java:1492)
[16:21:08] [Client thread/INFO] [STDERR/]: [java.lang.Throwable$WrappedPrintStream:println:749]: 	at sun.net.www.protocol.http.HttpURLConnection$9.run(HttpURLConnection.java:1490)
[16:21:08] [Client thread/INFO] [STDERR/]: [java.lang.Throwable$WrappedPrintStream:println:749]: 	at java.security.AccessController.doPrivileged(Native Method)
[16:21:08] [Client thread/INFO] [STDERR/]: [java.lang.Throwable$WrappedPrintStream:println:749]: 	at java.security.AccessController.doPrivilegedWithCombiner(AccessController.java:784)
[16:21:08] [Client thread/INFO] [STDERR/]: [java.lang.Throwable$WrappedPrintStream:println:749]: 	at sun.net.www.protocol.http.HttpURLConnection.getInputStream(HttpURLConnection.java:1489)
[16:21:08] [Client thread/INFO] [STDERR/]: [java.lang.Throwable$WrappedPrintStream:println:749]: 	at sun.net.www.protocol.https.HttpsURLConnectionImpl.getInputStream(HttpsURLConnectionImpl.java:268)
[16:21:08] [Client thread/INFO] [STDERR/]: [java.lang.Throwable$WrappedPrintStream:println:749]: 	at java.net.URL.openStream(URL.java:1093)
[16:21:08] [Client thread/INFO] [STDERR/]: [java.lang.Throwable$WrappedPrintStream:println:749]: 	at net.divinerpg.utils.events.UpdateChecker.getCurrentVersion(UpdateChecker.java:69)
[16:21:08] [Client thread/INFO] [STDERR/]: [java.lang.Throwable$WrappedPrintStream:println:749]: 	at net.divinerpg.utils.events.UpdateChecker.isUpdateAvailable(UpdateChecker.java:25)
[16:21:08] [Client thread/INFO] [STDERR/]: [java.lang.Throwable$WrappedPrintStream:println:749]: 	at net.divinerpg.client.render.gui.GUIOverlay.drawOverlay(GUIOverlay.java:36)
[16:21:08] [Client thread/INFO] [STDERR/]: [java.lang.Throwable$WrappedPrintStream:println:749]: 	at net.divinerpg.utils.events.EventOverlay.renderOverlay(EventOverlay.java:19)
[16:21:08] [Client thread/INFO] [STDERR/]: [java.lang.Throwable$WrappedPrintStream:println:749]: 	at cpw.mods.fml.common.eventhandler.ASMEventHandler_29_EventOverlay_renderOverlay_RenderGameOverlayEvent.invoke(.dynamic)
[16:21:08] [Client thread/INFO] [STDERR/]: [java.lang.Throwable$WrappedPrintStream:println:749]: 	at cpw.mods.fml.common.eventhandler.ASMEventHandler.invoke(ASMEventHandler.java:54)
[16:21:08] [Client thread/INFO] [STDERR/]: [java.lang.Throwable$WrappedPrintStream:println:749]: 	at cpw.mods.fml.common.eventhandler.EventBus.post(EventBus.java:140)
[16:21:08] [Client thread/INFO] [STDERR/]: [java.lang.Throwable$WrappedPrintStream:println:749]: 	at net.minecraftforge.client.GuiIngameForge.post(GuiIngameForge.java:905)
[16:21:08] [Client thread/INFO] [STDERR/]: [java.lang.Throwable$WrappedPrintStream:println:749]: 	at net.minecraftforge.client.GuiIngameForge.renderExperience(GuiIngameForge.java:550)
[16:21:08] [Client thread/INFO] [STDERR/]: [java.lang.Throwable$WrappedPrintStream:println:749]: 	at net.minecraftforge.client.GuiIngameForge.renderGameOverlay(GuiIngameForge.java:153)
[16:21:08] [Client thread/INFO] [STDERR/]: [java.lang.Throwable$WrappedPrintStream:println:749]: 	at net.minecraft.client.renderer.EntityRenderer.updateCameraAndRender(EntityRenderer.java:1114)
[16:21:08] [Client thread/INFO] [STDERR/]: [java.lang.Throwable$WrappedPrintStream:println:749]: 	at net.minecraft.client.Minecraft.runGameLoop(Minecraft.java:1067)
[16:21:08] [Client thread/INFO] [STDERR/]: [java.lang.Throwable$WrappedPrintStream:println:749]: 	at net.minecraft.client.Minecraft.run(Minecraft.java:962)
[16:21:08] [Client thread/INFO] [STDERR/]: [java.lang.Throwable$WrappedPrintStream:println:749]: 	at net.minecraft.client.main.Main.main(Main.java:164)
[16:21:08] [Client thread/INFO] [STDERR/]: [java.lang.Throwable$WrappedPrintStream:println:749]: 	at sun.reflect.NativeMethodAccessorImpl.invoke0(Native Method)
[16:21:08] [Client thread/INFO] [STDERR/]: [java.lang.Throwable$WrappedPrintStream:println:749]: 	at sun.reflect.NativeMethodAccessorImpl.invoke(NativeMethodAccessorImpl.java:62)
[16:21:08] [Client thread/INFO] [STDERR/]: [java.lang.Throwable$WrappedPrintStream:println:749]: 	at sun.reflect.DelegatingMethodAccessorImpl.invoke(DelegatingMethodAccessorImpl.java:43)
[16:21:08] [Client thread/INFO] [STDERR/]: [java.lang.Throwable$WrappedPrintStream:println:749]: 	at java.lang.reflect.Method.invoke(Method.java:498)
[16:21:08] [Client thread/INFO] [STDERR/]: [java.lang.Throwable$WrappedPrintStream:println:749]: 	at net.minecraft.launchwrapper.Launch.launch(Launch.java:135)
[16:21:08] [Client thread/INFO] [STDERR/]: [java.lang.Throwable$WrappedPrintStream:println:749]: 	at net.minecraft.launchwrapper.Launch.main(Launch.java:28)
[16:21:08] [Client thread/INFO] [STDERR/]: [java.lang.Throwable$WrappedPrintStream:println:749]: 	at net.minecraftforge.gradle.GradleStartCommon.launch(Unknown Source)
[16:21:08] [Client thread/INFO] [STDERR/]: [java.lang.Throwable$WrappedPrintStream:println:749]: 	at GradleStart.main(Unknown Source)
[16:21:45] [Server thread/DEBUG] [FML/]: Gathering id map for writing to world save New World
[16:21:45] [Server thread/TRACE] [mcp/mcp]: Sending event FMLServerStoppingEvent to mod mcp
[16:21:45] [Server thread/TRACE] [mcp/mcp]: Sent event FMLServerStoppingEvent to mod mcp
[16:21:45] [Server thread/DEBUG] [FML/]: Bar Step: ServerStopping - Minecraft Coder Pack took 0.000s
[16:21:45] [Server thread/TRACE] [FML/FML]: Sending event FMLServerStoppingEvent to mod FML
[16:21:45] [Server thread/TRACE] [FML/FML]: Sent event FMLServerStoppingEvent to mod FML
[16:21:45] [Server thread/DEBUG] [FML/]: Bar Step: ServerStopping - Forge Mod Loader took 0.000s
[16:21:45] [Server thread/TRACE] [Forge/Forge]: Sending event FMLServerStoppingEvent to mod Forge
[16:21:45] [Server thread/TRACE] [Forge/Forge]: Sent event FMLServerStoppingEvent to mod Forge
[16:21:45] [Server thread/DEBUG] [FML/]: Bar Step: ServerStopping - Minecraft Forge took 0.000s
[16:21:45] [Server thread/TRACE] [divinerpg/divinerpg]: Sending event FMLServerStoppingEvent to mod divinerpg
[16:21:45] [Server thread/TRACE] [divinerpg/divinerpg]: Sent event FMLServerStoppingEvent to mod divinerpg
[16:21:45] [Server thread/DEBUG] [FML/]: Bar Step: ServerStopping - DivineRPG took 0.000s
[16:21:45] [Server thread/DEBUG] [FML/]: Bar Finished: ServerStopping took 0.001s
[16:21:45] [Server thread/DEBUG] [FML/]: Gathering id map for writing to world save New World
[16:21:46] [Server thread/INFO] [FML/]: Unloading dimension 0
[16:21:46] [Server thread/INFO] [FML/]: Unloading dimension -1
[16:21:46] [Server thread/INFO] [FML/]: Unloading dimension 1
[16:21:46] [Server thread/INFO] [FML/]: Unloading dimension 57
[16:21:46] [Server thread/INFO] [FML/]: Unloading dimension 56
[16:21:46] [Server thread/INFO] [FML/]: Unloading dimension 55
[16:21:46] [Server thread/INFO] [FML/]: Unloading dimension 54
[16:21:46] [Server thread/INFO] [FML/]: Unloading dimension 53
[16:21:46] [Server thread/INFO] [FML/]: Unloading dimension 52
[16:21:46] [Server thread/INFO] [FML/]: Unloading dimension 51
[16:21:46] [Server thread/INFO] [FML/]: Unloading dimension 50
[16:21:46] [Server thread/DEBUG] [FML/]: Reverting to frozen data state.
[16:21:46] [Server thread/TRACE] [mcp/mcp]: Sending event FMLModIdMappingEvent to mod mcp
[16:21:46] [Server thread/TRACE] [mcp/mcp]: Sent event FMLModIdMappingEvent to mod mcp
[16:21:46] [Server thread/DEBUG] [FML/]: Bar Step: ModIdMapping - Minecraft Coder Pack took 0.000s
[16:21:46] [Server thread/TRACE] [FML/FML]: Sending event FMLModIdMappingEvent to mod FML
[16:21:46] [Server thread/TRACE] [FML/FML]: Sent event FMLModIdMappingEvent to mod FML
[16:21:46] [Server thread/DEBUG] [FML/]: Bar Step: ModIdMapping - Forge Mod Loader took 0.000s
[16:21:46] [Server thread/TRACE] [Forge/Forge]: Sending event FMLModIdMappingEvent to mod Forge
[16:21:46] [Server thread/TRACE] [Forge/Forge]: Sent event FMLModIdMappingEvent to mod Forge
[16:21:46] [Server thread/DEBUG] [FML/]: Bar Step: ModIdMapping - Minecraft Forge took 0.000s
[16:21:46] [Server thread/TRACE] [divinerpg/divinerpg]: Sending event FMLModIdMappingEvent to mod divinerpg
[16:21:46] [Server thread/TRACE] [divinerpg/divinerpg]: Sent event FMLModIdMappingEvent to mod divinerpg
[16:21:46] [Server thread/DEBUG] [FML/]: Bar Step: ModIdMapping - DivineRPG took 0.000s
[16:21:46] [Server thread/DEBUG] [FML/]: Bar Finished: ModIdMapping took 0.001s
[16:21:46] [Server thread/INFO] [FML/]: Applying holder lookups
[16:21:46] [Server thread/INFO] [FML/]: Holder lookups applied
[16:21:46] [Server thread/TRACE] [mcp/mcp]: Sending event FMLServerStoppedEvent to mod mcp
[16:21:46] [Server thread/TRACE] [mcp/mcp]: Sent event FMLServerStoppedEvent to mod mcp
[16:21:46] [Server thread/DEBUG] [FML/]: Bar Step: ServerStopped - Minecraft Coder Pack took 0.000s
[16:21:46] [Server thread/TRACE] [FML/FML]: Sending event FMLServerStoppedEvent to mod FML
[16:21:46] [Server thread/TRACE] [FML/FML]: Sent event FMLServerStoppedEvent to mod FML
[16:21:46] [Server thread/DEBUG] [FML/]: Bar Step: ServerStopped - Forge Mod Loader took 0.000s
[16:21:46] [Server thread/TRACE] [Forge/Forge]: Sending event FMLServerStoppedEvent to mod Forge
[16:21:46] [Server thread/TRACE] [Forge/Forge]: Sent event FMLServerStoppedEvent to mod Forge
[16:21:46] [Server thread/DEBUG] [FML/]: Bar Step: ServerStopped - Minecraft Forge took 0.000s
[16:21:46] [Server thread/TRACE] [divinerpg/divinerpg]: Sending event FMLServerStoppedEvent to mod divinerpg
[16:21:46] [Server thread/TRACE] [divinerpg/divinerpg]: Sent event FMLServerStoppedEvent to mod divinerpg
[16:21:46] [Server thread/DEBUG] [FML/]: Bar Step: ServerStopped - DivineRPG took 0.000s
[16:21:46] [Server thread/DEBUG] [FML/]: Bar Finished: ServerStopped took 0.000s
[16:21:47] [Client thread/INFO] [STDOUT/]: [paulscode.sound.SoundSystemLogger:message:69]: 
[16:21:47] [Client thread/INFO] [STDOUT/]: [paulscode.sound.SoundSystemLogger:message:69]: SoundSystem shutting down...
[16:21:47] [Client thread/INFO] [STDOUT/]: [paulscode.sound.SoundSystemLogger:importantMessage:90]:     Author: Paul Lamb, www.paulscode.com
[16:21:47] [Client thread/INFO] [STDOUT/]: [paulscode.sound.SoundSystemLogger:message:69]: 
